Author ID,Title,Content,Publish Time,Likes,Favorites,Comments
云淡风轻,,"中年完全感觉
不到快乐，
是个人问题
还是普遍问题",06-23 吉林,6583,4561,4338
zabulle,🇫🇷 我发誓，我绝不会来中国。（Part 1）,"我对自己说过这句话。
像一个刻进脑海的禁令，根深蒂固。
我宁愿在没有空调的巴黎地铁里坐满一个月，
宁愿连续听24小时的名创优品BGM，[呃R]
也不愿意降落在北京。
“那不是我该去的地方。”
太粗犷，
太陌生，
太工业化。
当时的我，走得不远。
结果，一开始就走进了最让我害怕的地方。
⸻
1️⃣ “小心污染，你会受不了的。”
大家劝我时，像是在送我上前线。
说那里的空气会黏在皮肤上、刺眼刺鼻、让人脸色发灰。
说我会一直咳嗽，拍出来的照片也是一片灰蒙蒙。
简直就是加重版的巴黎。[呃R]
结果呢？
我踏上北京那天，天气刚刚好。
没有污染预警，空气清新。
最让我震惊的——
天空蓝得让人心安，甚至有点嚣张。
没有一丝雾霾，光线干净得像在说：
“你误会我了。”
更神奇的是，
“下雪了”。
不是冰，不是冬天——
而是从树上飘下来的春天。
柳絮像雪花一样在空中飞舞，
柔软、安静、不可思议。
我站在那，什么也没做，
只是看着这场“假雪”跳舞，
突然就有一种说不出的眩晕感。
与此同时，巴黎的朋友们正在打喷嚏，
天空灰得像土，
污染预警成了家常便饭。
原来——
真正的“雾”，不在中国的空气里，
而是在我自己的脑子里。
⸻
📩 我现在想问你们一个问题：
我是那个用法语写字的法国人，
但你们才是真正了解中国的人。
你觉得，
还有哪些外国人对中国有误解？
他们还怕什么？还在犹豫什么？
你可以留言告诉我。
我会认真读，也会慢慢写出来。
	
#法国人在中国
#citywalk
#中国旅行
#一个人旅行
#生活记录
#旅途随笔",5小时前 法国,6111,367,1749
阮で酱,剪鲻鱼头的人嘴真严😭👍,#别贴脸开大 #鲻鱼头 #无意冒犯致歉一切 #被理发师剪毁的头发 #再也不玩抽象了,07-03 四川,5275,539,866
喝掉可乐📸,光亮起来的那刻美我一大跳 ！！,"呜呜呜 美成芭比了！！
#张韶涵演唱会
#张韶涵
#演唱会现场
#有形的翅膀
#live现场",编辑于 昨天 23:09 江西,3313,384,256
任灰灰美学日记,30s教你自测是否适合大光明发型✅,有这几种头型特征的人扎大光明更好看#大光明发型 #面部分析 #五官分析#刘亦菲 #杨颖#张婧仪,编辑于 4天前 北京,994,529,234
梓鹿Zicky🍀（演唱会&路演）,“主要是周深”泷哥秒变乖巧🤣韩红认证闷骚😆,"也是看到《声生不息》俩姐弟的售后啦哈哈
#汪苏泷 #韩红 #周深 #韩红演唱会 #韩红合肥演唱会 #韩红合肥演唱会嘉宾汪苏泷 #声生不息 #汪苏泷演唱会 #汪苏泷十万伏特 #音乐现场分享",昨天 21:59 安徽,6942,943,361
卷心菜,我的德国女老师🇩🇪,"老德真的盛产硬朗的女子
	
不好意思标题党了[捂嘴笑R]
有人知道这个照片的出处吗
在dy刷到感觉好酷，每个人说法都不一样，有各种ip现身说法
#德国 #留子 #帅哥 #美女 #日耳曼
#酷girl #德国女生 #德国生活",编辑于 07-03 北京,3.8万,3317,1302
小小鱼（斯，必回）,25了还没交卷~~,"🐶小狗女友恋爱脑细节大赏｜原来爱会让人变成小侦探～
他朋友圈发的风景照，我放大10 倍找定位。看到街角的咖啡店招牌，立刻搜营业时间，算着他下次可能去的时间，揣着他喜欢的黑巧克力蹲在对面长椅上 —— 结果等了三小时，只看到他和同事说说笑笑走出来。
把他随口吐槽的 “快递柜太远” 记成任务。每天算着他收快递的时间，提前半小时守在楼下，看到穿蓝马甲的小哥就扑上去：“3 单元的快递我来拿！” 扛着沉重的纸箱爬楼梯时气喘吁吁，敲开门却只敢说 “刚好路过”。
他微博点赞过的博主，被我翻到三年前的帖子。发现他喜欢的博主推荐过手工饼干，立刻买材料学烘焙。黄油软化时烫到手，面粉撒了满桌，烤焦第三盘时终于成功，装盒时特意用丝带系成他喜欢的蝴蝶结，结果他收到时只说 “放冰箱吧”。
手机备忘录里藏着他的 87 条习惯：喝可乐要加冰两块，开会时会转笔，讨厌香菜但能接受香菜味的薯片…… 连他皱眉的频率都记着，朋友说我像在写侦探报告，可我只是想在他需要时，第一时间递上他想要的呀。
其实我知道自己有点傻气，可喜欢一个人时，谁不是这样呢？像只摇着尾巴的小狗，把他的一举一动都当成指令，哪怕只是得到一句淡淡的回应，也能开心一整天💖#90后 #想吃爱情的苦 #留学生回国无社交 #主动才会有爱情 #今年主线任务 #主动点爱情不就来了吗 #主动点就会有故事",5天前 甘肃,49,4,23
紫柒,今天穿什么？,#酒店对镜拍 #正常穿搭可出门 #御姐 #吊带长裙 #紧身裙 #我自风情万种 #包臀裙yyds #修身连衣裙,编辑于 2天前 广东,310,38,86
低调的珍珠,好热好热🫠,河南真的好热呀，回家每天都要开空调，最近上班有一点累呢，好久都没有更新了，不知道宝贝们过得怎么样呢？,7天前 河南,269,42,33
好困芽Oni.,山西煤老板的审美❗️❗️❗️,"太原植物园晚上开灯之后也太美了吧呜呜呜！
可以永远相信山西煤老板的审美嘻嘻🎀🎀
#丢掉滤镜真实更美 #喜欢一切美丽的事物 #长在审美点上系列 #审美天花板 #随手一拍就是大片 #这么近那么美 #山西太原 #太原植物园",07-05 山西,124,12,18
魏宇鹏,,大娘肯定见过就是不给我说#搞笑 #迷惑行为大赏,07-10 河南,929,35,76
小红薯6864CB20,,"很远的话就不行的，师🐔
🉑......私.....
既然你决定了去爱，你就要做好心理准备去承受之后所有可能发生变故，爱一个人到恨一个人最后连名字也记不清，这都只是时间的问题，深爱过一个人的人明白，往往最痛苦的是明明两个人还相爱，却因为各种原因不得不分开，各自成家，这怨不得别人，只怨他们爱的不坚定，如若当初他们都坚定自己的那份爱情，怎么会有之后的别离、痛苦、悲剧。",3小时前 湖南,点赞,收藏,评论
Raini,🧃,#每日穿搭 #韩系穿搭 #不是今天拍的 #我的日常 #随地大小拍,5天前 湖南,2064,507,65
happy,人不长情 人之常情,,07-09 河北,346,65,15
欧尼oni,,🐌 🐭 🐘 🍐 连起来就是我想对你说的话#我的ootd #露肩上衣 #每日穿搭,3天前 黑龙江,55,10,3
latebutgoodselects,🇯🇵天呐‼️日本便利店这位也太美了吧,"真的是太肤白瘦高太美了吧！！！！本来只是想看看美女姐姐提的包 整个人都美的挪不开眼🫣
	
#便利店 #东京便利店 #穿搭 #中古包 #ferragamo包包 #银座 #东京银座 #银座街头 #街头穿搭 #优雅穿搭",编辑于 7天前 北京,3100,858,383
ViVi蒋蒋,🇫🇷巴黎日记｜Storewalk的一天,"无法不在巴黎的行程上安排上玛黑区
以前读书的时候在玛黑区住了一年多
熟悉感和回忆都在这里啦
	
📍 A La Mère de famille
16 Rue Rambuteau, 75004 Paris
巴黎最古老的糖果铺～
买几样精美的糖果巧克力
老式的杏仁饼和马卡龙也超赞
	
📍 ：La Favorite Saint-Paul
4 Rue de Rivoli, 75004 Paris
粉色花海咖啡厅 超级出片
随手拍都好看
	
📍 Glace Bachir
58 Rue Rambuteau, 75003 Paris
正宗的黎巴嫩满满开心果冰淇淋
店员超级热情会给试吃招牌味道
	
其实还拍了很多店铺和视频来不及剪
以上 vlog请等等我
	
哈哈后面塞了几张第一天的照片
上一条视频发过就不碎碎念啦
OOTD都是MarieElie的早秋新款
和我一起期待上新吧～
	
#闲逛的意义  #世界不过一条街 #storewalk #法式穿搭 #来和我一起云逛街 #法国人的浪漫 #玛黑区[poi_v2]#",07-11 法国,141,24,15
韶小仙,都说我像张韶涵！,#变美逆袭 #变美 #张韶涵 #张韶涵歌曲 既然你们都说我像张韶涵，我也摊牌了，小的时候上初中就有人说了！#剧会音乐西餐厅  [poi_v2]#,编辑于 06-27 河南,682,96,2878
南京青石空间设计｜陈老师,原来暖咖意式轻奢才是业主苦苦寻找的设计,"Location｜项目地址：上海
Area｜项目面积：190m²
Project Description｜项目内容：纯设计
Design Agency｜项目设计：南京青石空间设计
	
客厅
✨沙发背景墙面主要用木饰面、木格栅、奢石、黑钛金属层板，排列组合，整体质感很好地，调性高级
✨电视背景墙采用悬浮电视墙和上下嵌入灯带的设计，起到视觉冲击力，高级又美观
✨电视背景墙靠入户门一侧做斯卡帕叠级，凸显大理石，胡桃木搭配咖色系背景墙材质，高端大气
✨客厅阳台打通，扩大空间
✨全屋无主灯设计提升了空间的通透感，意式轻奢硬装与精心搭配软装营造整屋高级感
✨客餐厅铺满大理石地砖和灰色地毯增加层次感。简单质感中不缺精致感
	
餐厅
✨厨房做开放式设计，空间大，视野开阔，生活用餐方便
✨大理石餐桌质感与现代并存，高级的石材与厨房墙面大理石呼应，整体协调统一
✨嵌入式冰箱与嵌入式蒸箱烤箱设计方便实用，硬装设计整体协调统一；所有嵌入式家电需要在定制橱柜之前预留好尺寸。餐岛一体的设计增加了餐厅的功能性
	
★专注全案设计｜南京设计｜工作室原创作品
★拒绝盗图|转载请注明原创方
	
#上海设计 #硬装设计 #暖咖色的家 #暖咖色系 #全屋定制 #意式极简 #电视背景墙 #沙发背景墙 #全案设计师#南京青石空间设计陈老师 #浪漫生活的记录者",编辑于 06-27 江苏,105,104,1
p图喵咪🐱,调色神操作—纸醉金迷,终于知道这种纸醉金迷怎么调了 好好看啊！#p图 #调色 #纸醉金迷 #b612 #滤镜调色教程 #爱官方别限流,07-10 河北,4466,2913,37
米勒Miller,快乐拉满，夏日快乐派对太绝啦,"烧烤啤酒小龙虾+乐队live🎵🌇
夏天的快乐就是这么简单
抬头就能看到东方明珠✨
	
氛围感直接拉满 随手一拍都是大片📸
小龙虾吃到爽！
现烤烧烤滋滋冒油🍖配冰啤酒爽到飞起
还有超多创意菜🍴颜值味道双在线！
	
🎸嗨玩整晚
晚上乐队现场开唱！氛围超炸
和朋友边吃边蹦 快乐到模糊
江风一吹 烦恼全没啦～
	
#上海夜生活 #魔都探店 #夏日派对 #网红餐厅打卡#东方明珠#上海旅游#上海美食#上海三件套",编辑于 07-07 上海,64,15,3
刑侦学点,刑侦知识|鞣尸,#刑侦日记 #法医知识 #案件 #破案 #知识 #名词解释 #叫我知识分享家 #有趣的知识又增长,5天前 安徽,4418,1438,233
囡囡,这把武器太厉害了，一击必中，太爽了,#一玩一个不吱声 #游戏日常 #本来很好玩 #游戏画面请勿当真 #游戏精彩时刻 #射击游戏 #游戏实况 #飞跃水泥地 #后室 #游戏顶级操作,4天前 辽宁,401,167,9
Petite mignonne,,#挚爱#池畏,编辑于 5天前 湖北,6913,96,1935
And Listen,他自嘲的可笑美貌，终究是凝视者自己的灵魂,#流浪的灵魂 #审美积累 #逝去的爱人 #微醺的1000种方式#不一样的审美观 #美貌与灵魂的共存,7天前 湖南,155,9,6
张-建国,我寻思没这剧情啊~,#i人﻿ ﻿#1米8内向害羞社恐腼腆文静小女孩,07-09 湖北,6611,1934,536
找工作的靓靓,B站，从650亿刀跌到85亿刀了,"B站这几年的起伏确实让人感慨，从当年的""小破站""到市值巅峰，再到如今的市值大幅缩水，背后反映的不仅是公司经营问题，更是整个互联网行业逻辑的变化。作为老用户，这种感受可能更复杂：
2021年B站月活突破2.72亿，但亏损却同比扩大122%:cite[1]。当时市场还愿意为增长买单，但如今投资人更看重盈利能力。即便2025年Q1 B站终于盈利3.6亿，市场反应依然平淡，说明资本对""先烧钱后变现""的模式已失去耐心:cite[10]。
早期B站的魅力在于独特的社区氛围，但破圈后内容质量参差不齐的问题凸显。虽然2025年用户日均使用时长仍达108分钟:cite[10]，但""抖音化""的竖屏短视频和越来越多广告确实让老用户感到氛围变味。尤其当年陈睿承诺""永不添加贴片广告""，如今广告收入却成为第二大营收来源2021年占比27%，这种""变质""感让核心用户抵触。
- 游戏业务从曾经的营收主力（2018年占80%）下滑到2025Q1的17.3亿，虽靠《三国：谋定天下》增长76%，但依赖单一爆款风险大。
- 增值服务（大会员、直播）增长放缓，与广告业务存在""零和博弈""
- 充电分成、IP衍生品等新尝试（如2025年充电收入增200%）还未成支柱。
	
抖音、小红书等平台侵蚀用户时间，B站的中长视频模式在碎片化时代确实吃亏。但反过来看，2025年BW展会3天吸引30万人次:，说明其线下活动和垂直领域仍有不可替代性。或许未来B站需要更聚焦核心优势，而非盲目追逐大众化。
	
就像你说的，早期社区氛围的流失最让人遗憾。但换个角度，如果B站不变现，可能连生存都成问题。2021年它现金储备302亿，按当时亏损速度只能撑5年:cite[1]。如今能盈利已算进步，只是平衡商业与情怀，永远是个难题。
	
未来关键或许在于：
- 能否守住中长视频的差异化优势（如2025年广告业务靠深度内容营销增长20%）
- 能否在游戏、直播等赛道找到第二增长曲线
- 能否通过线下活动（如BW）和IP运营增强用户粘性
	
你觉得B站还有机会重回巅峰吗？还是说这种""小而美""的宿命本就难逃？ 😅
﻿#科技﻿ ﻿#大厂﻿ ﻿#互联网",4天前 浙江,1063,245,550
YORU~,🇲🇾｜ 08年日系穿搭,#没有文案只有我 #日系 #日系男孩 #日系男,编辑于 7天前 马来西亚,39,1,12
小y^o^,✌️,#天秤座,5天前 四川,1077,69,16
Lezzie,看到这儿真的笑喷了，地狱笑话，陀思,#阅读记录 #《白痴》,6天前 四川,1万,2123,1006
Die Freiheit,我在连云港的人脉,"跟毕业后第一份jg工作的领导讲，有种他是好多人朋友的儿子、邻居的感觉
希望宝宝越来越好！#梓渝 #梓渝🐟",2天前 上海,2523,381,525
福满多,澳银行：我们的人也是人,直白#澳洲,5天前 澳大利亚,1635,173,304
Nicole_,厦大本科进度100%要说再见了🎓,#毕业,06-27 福建,1571,215,78
游小浪Game,Ai山海经版躲藏点？合成兽躲进蛋仔岛！,#蛋仔派对﻿ ﻿#蛋仔派对三周年﻿ ﻿#蛋仔派对蜜糖海迷踪﻿ ﻿#蛋仔小剧场,1天前 河北,7410,5267,212
我是秦朝人,我跟兵马俑撞脸了而且还同名,这件跪射俑胸前刻有朝字，这是当时宫廷的工匠，两千年后我姓高名朝，跟古人同名跨越千年而且还撞脸。#穿越千年与你相见 #秦始皇兵马俑博物馆 #兵马俑攻略 #西安 #陕西人像兵马俑 #秦始皇帝陵 #撞脸兵马俑,昨天 19:49 陕西,6738,361,883
DM东美大宅设计,简白美式&自然风一出手，我直接神魂颠倒啊,"上海别墅装修设计 | 上海美式风装修
上海别墅装修 | 上海美式复古风格装修
·
-
阳光洒满挑空客厅，一进门就治愈到心坎里！
每次回家都是满满的温柔与治愈
一下子就班味全无了🥹
简白美式系装修真的yyds！
.
🏷️ 🏷️ 上海浦东新区｜265㎡
上海独栋别墅｜上海别墅大宅｜上海别墅设计
·
✔
全屋以低饱和奶油白为基调，搭配温润木质元素
阳光透过落地窗洒进来，整个家像蒙上一层柔光滤镜✨
·
✔
踏步采用橡木原色板材，侧边做镂空设计
每走一步都像踩在森林树桩上，自然感扑面而来🌲
·
💡
ᝰ
✔✔✔为什么选东美？
◽️专业的设计团队，每年平均完成80-90套的别墅设计，为您量身打造美居
◽️excellent的施工团队，已完成1600+套别墅施工，丰富的经验保障工程perfect落地
·
💡
.
我是上海东美别墅设计师大D
✌️爱生活｜爱分享｜爱自然
✌️20年➕从业经验，深耕别墅大宅设计
✌️2000+江/浙/沪业主的信赖之选
.
#上海别墅装修推荐   #江浙沪别墅设计推荐   #美式别墅上海   #别墅装修案例   #别墅豪宅   #自建房   #美式客厅设计   #美式楼梯设计   #美式客厅挂画   #隔断设计   #格子窗   #自然风   #田园美式   #简白美式风格装修   #现代美式风   #可持续生活家   #与植物一起生活",06-24 上海,185,169,6
最爱汉堡噜,不对劲不对劲,我好坏好坏的#檀健次,1天前 广东,1761,261,63
张团团er,💜她只是我的妹妹，妹妹说紫色很有韵味～,"🖖Hi 大家好我是张团团
欢迎收看👏👏
这是我成为新人博主的第三篇plog
/
拍摄这组照片的时候脑子里一直循环播放🎶
“她只是我的妹妹，妹妹说紫色很有韵味～”
▫️很爱这种酸多甜少的🍇
▫️买了很多年的iPad，是很喜欢的紫色
▫️用新买的小杯子装满葡萄，慢慢吃
	
调色参数📷
曝光-10
鲜明度-22
高光+24
阴影-15
对比度-9
亮度+7
黑点+7
锐化+30
	
平板那张单独调节
蓝色饱和度+50
蓝色明度-65
目的让所有照片紫色统一
	
以上参数要根据光线和主题适当微调，不要照抄参数，学习思路，任何场景下都能调出满意的效果啦。调整好一张照片后，可以拷贝编辑点复制到其他照片，既高效又统一。
	
#手机摄影 #生活随手记 #紫色很有韵味 #暗色系调色 #低饱和滤镜 #低饱和色调 #滤镜调色教程 #紫色治愈系 #紫色的浪漫 #手机调色",2天前 山东,109,64,88
特拉法尔加班,只有海贼迷才能看懂的梗图,#海贼王 #onepiece #梗图 #memes #搞笑,昨天 18:58 北京,5202,533,359
Lena的运营笔记,现在做自媒体比24年难10倍！,"先说结论：如果你把 2024 年的那套“找爆款模板＋堆量”当成圣经，2025 年你会死得比谁都快。平台不是变卷了，是直接翻脸了。
1. 平台翻脸，连招呼都不打
去年你只要蹭到一条热门，系统会像老好人一样连续给你灌流量。今年？同一套选题、同一套剪辑，点击量直接脚踝斩。不是内容变差了，是平台把“重复”写进了黑名单。算法现在干一件事：把 90% 的流量锁在 1% 的“活人”身上。什么叫活人？能持续输出新信息密度、能拉停留、能带讨论。模板号？直接埋了。
2. 观众翻脸，比平台还快
去年观众刷到“3 天涨粉 1W 的秘籍”还会点个收藏，今年看到封面就骂“又割”。不是观众变聪明，是同质化内容把大家的爽点阈值拉到天花板。你再用同一套“钩子＋反转＋金句”三连击，观众第一反应是：这姐们儿又来骗点击。点赞？不举报就算仁慈。
	
后续见图。
	
#自媒体运营   #新媒体运营 #自媒体干货 #自媒体干货分享 #运营干货",3天前 北京,161,115,35
香菜,,支持有仇和好 朋友上位 别碰瓷,昨天 17:20 重庆,67,3,33
起司奶香猫,一张冬天的库存降降温,,昨天 20:24 安徽,5,2,1
哈哈,,求一个靠谱点的吧 征信查询多,2天前 山东,2,收藏,15
宋宋,我给托尼的和托尼给我的，嗯，安全下车,关于剪头发这件事，收藏了很久的高层次锁骨发，我给托尼的和托尼给我的，效果还是很满意的，安全下车，下次还剪，哈哈哈,07-10 吉林,286,202,61
野原小叮当,为什么我会一直想出国？,"疫情后我就一直在琢磨出国的事情
在预算有限的情况下
一开始打算去西班牙读研究生
后面发现读完后不一定能留下来
就选择去日本 成本最低 留下的机会较大
今年五月份下了在留卡 计划7月份就去日本
但是因为工作晋升管理层就延迟了
最近又在折腾这个事情 打算明年4月份再次出去
我反复思考为什么会这样一直折腾出去的事儿
总结出两个原因
一是没有安全感 我总觉得在国内上班很没有安全感
赚不到钱 混不出头 奔三的年纪很担心随时失业  尤其是女生 奔三的年纪很尴尬
二是想寻求更高的上限 在国内对于收入我似乎一眼就能望到头 我感觉自己五年内都不可能有机会年收入超过20万
出国就一定能解决我当前的困境吗？未必。
但退一万步说，即使出去了没有什么成就，我也无非是回到了起点。
#语言学校 #出国 #日本 #打工 #留学改变我的人生 #所以困住我们的到底是什么 #留学的价值 #日本签证 #日本留學 #日本语言学校",6天前 广东,2万,6376,2634
芒果西米露,,"我理解他们为什么杀青后要喝酒调整状态了
我全理解了
一个沙🐍花絮都能拍成这样
我开始理解了
我理解！！
#顺恨",5天前 湖南,2159,273,388
Clara,My First Post Here,"Living my pilot life at Norwegian Air! Super pumped to be on board here🇳🇴👩‍✈️
I fly the Boeing 737! Becoming a pilot has been my childhood dream. Gonna share my life and work stories here!
#hello #femalepilot #pilot #aircraft #737 #dream #life",4天前 挪威,1754,168,448
囡囡,,你永远都是我世界里 最耀眼的那颗太阳,2小时前 河北,6,收藏,评论
哆啦数码,荣耀手机有什么功能是你用了很久才发现的？,"救命！刚发现荣耀藏了超多「女生专属宝藏功能」✨ 能发小红书动态图就算了，调水印、防偷窥、隔空操作… 实用到想安利给全世界姐妹！ 用了才懂什么叫“越用越香”，
	
这波必须让更多人看到💡
快说说！你还挖到过哪些荣耀隐藏功能？评论区急需被种草！
#一人一个安卓使用技巧 #荣耀 #荣耀手机 #安卓 #荣耀隐藏功能 #一起聊数码 #玩机技巧 #数码大玩家 #数码 #手机技巧",昨天 21:05 河南,221,224,9
小桃,,这两天和小伙伴有点忙碌呀,2小时前 浙江,1,收藏,评论
懒绵羊,,支持有仇和好#祁无 #人生的意义 #热 #fyp,昨天 15:07 广东,102,5,102
欣大🍃在成长,90后不上班｜沉浸式创业,"好爱我自己车车🚗，红内饰瞅着就带劲！坐在车里数一下，好家伙，太喜欢这些红颜色了
	
💅🏻做得美美的，窝在车里晒晒太阳，这点小仪式感必须安排
	
中午选了家日料店，小格子料理，颜值和味道都在线。晚上又跑去家环境超牛的餐厅，菜摆盘跟艺术品似的，差点舍不得下筷子
	
回家路上逛到奢侈品店，给自己挑了个包
#90后创业 #创业生活 #日常分享 #生活仪式感
#生活碎片",编辑于 1天前 甘肃,295,39,102
三刀木lsh,有梓渝不明显头像吗,想换微信头像#梓渝 #找头像 #不明显头像 #极速小鱼,07-11 广东,4835,1927,1808
icelemonteaicelemontea,虹桥有自己的山口组,#老乡见老乡,7天前 上海,6407,685,794
今天又抽到鲁肃了吗,已经选好下个月的发型了,"上周末终于剪了短发。
不是图上这个。给理发师看的，跟我得到的，也可以说没有一点关系。但今早吹头发一分钟，真的爽翻了。
我头发厚，但最厚的地方是后脑勺处，加上颅顶低，脸包头，厚厚的长发没有起到丁点儿修饰作用，只增加了烦恼。
我习惯了长发，也习惯了“你脸大，不适合短发”这种理发师的托词。但其实，我个矮头大，长头发只会头重脚轻，令头身比更糟糕。
道理我都懂，但始终没有下定决心。
周日在理发店的镜子面前等待时，突然想到，长发也没有适合我，没有令我更美观，只是节省了理发师的工作量。
于是我就坚持长改短了，两个男理发师都不愿承担这样的苦工，最后由一位女理发师操刀。做得不好，一点都不好，但好歹是短了。
熬了一夜，凌晨洗了个头，像以往那样磨蹭着不想吹，但实在太想睡觉了，于是强迫自己，没想到，真的只需要一分钟。
下个月我要把这个图给理发师：剪，甭跟我说适不适合，就剪这么短。
我迟早要憋不住剪寸头。",编辑于 4天前 江苏,155,106,86
甜蜜ZAIZAI,家居vlog,#我的宅家Vlog #沉浸式记录生活 #vlog #生活vlog #宅家整活看我的,4天前 海南,5,2,1
momo,这里总该没有中国人去过了吧！,"看地图，发现了这个小岛，亚当斯敦。查了百科，截止2020年，岛上常住人口只有47人。
应该是很美很美的小岛吧🏝️",07-09 陕西,1.5万,3672,2320
心安处即是吾家,,巡查组来，巡查组来，巡查组来完审计署来，审计署来，审计署来，审计署来完人大调研来，人大调研来，人大调研来，人大调研完回头看来，回头看来，回头看来，回头看来完巡查组又来……#审计 #广西 #医疗,4天前 广西,5089,852,864
😊真猪妹妹🌀🌀,太原植物园🌵打卡星空电梯✨真的太太美,"这怎么会是太原 我难道不是来到了太空空间站吗
第一次被一个扶梯给震撼到真的太美了
	
📍太原植物园
🎫50
石家庄出发到太原两个半小时～
五点多到了先去租了个电瓶车 88一小时 转一转 人不算多 但环境真的绝美
有蝴蝶标本 还有好多绿植可以转转 花花也很漂亮～三个馆里还有很多没见过的大大小小的植物🌵🌴🌳🪻🌷🪷🌸
	
湖边有锦鲤 鸳鸯 还有黑天鹅 😄
晚上8点扶梯那边亮灯  灯亮的瞬间大家都发出了惊叹声 
再一次感叹 真的太美了✨
就是如果上电梯要早早的去排队 下电梯也要排队
#太原#太原植物园#美 #穿越时空隧道",编辑于 07-11 山西,6,1,10
木子渊,看似纤细实则有肉挑战,#主打就是一个反差 #上美丙 #ooc致歉 #看似纤细实则有肉,编辑于 07-11 新疆,1345,39,77
小mo,十几块钱纯棉？会是在虚标吗,"上网搜纯棉睡衣，每次前面几个总是特别便宜
	
我还筛选了面料，这个还在，详情页标注得倒是有模有样，但是价格嘛……
	
感觉太便宜（？）
但是不是说虚标违法吗？
	
#纯棉 #睡衣",3天前 四川,1502,588,250
杨老板,部门新员工开的宝马M3，我买什么车能压他一,预算40多万 #有想法轻松发,3天前 德国,47,13,373
微醺青苹果,学习很苦很累但是很酷,#学习很苦但坚持很酷 #在家学习的日常 #加油学习人 #满脑子都是前途#纯动力学 #学习使我快乐 #低头是题海抬头是未来,4天前 云南,15,1,4
暖汁小源,,#你爱张真源吗？ [PK]#,6天前 重庆,1,收藏,评论
。,,"日常摆摊
	
#格斗 #一起去打拳",编辑于 4天前 北京,点赞,收藏,评论
初荷夏眠詩.,妈妈说把头发梳起来 大大方方的.,#妘阮阮 #moka #妈妈说把头发梳起来大大方方的 #把头发梳起来大大方方的 #illit,编辑于 2天前 江苏,1293,83,32
加一,在外滩淋雨后,"下车回酒店的200米突然下暴雨
在狼狈跑回去和淡定走回去之间选择了拍照
索性直接给自己做了个背头
#06 #爱上下雨天",1小时前 广东,9,2,评论
小白羊,珠海爱情灯塔，吹吹风吧！🏖️,#当然要记录啊 #我的质感出片指南 #小红书视频创作激励计划 #九宫格卡点挑战,2小时前 辽宁,3,1,评论
彩虹味草莓🍓,祥子大胆飞，出事自己背🤣,"比较喜欢祥子的后面一段，《迪士尼速通卡》《飞跃太平间》《学医救不了中国人，救的了自己人》《ICU先》太敢说了祥子
#喜剧之王单口季 #于祥宇 #喜单2",昨天 16:59 江苏,4810,422,176
丧中求稳咕咕鸡,🇸🇬留学15块钱午餐吃什么🥣酒店剩菜盲盒🍗,#homeless变皇帝 #剩菜盲盒 #韩国大学食堂 #留学新加坡 #tgtg #林瀚食堂 #东北盒饭自助 #酒店自助餐 #新加坡vlog #留学生菜谱,6天前 江苏,2412,77,58
零下几度的风,公积金可提,"公积金自由提取！
分享公积金简单的提取步骤吧
1、点击市民中心或城市服务
2、找到公积金点进去
3、根据情况选择提取方式
4、可以选择整数提取
风险提示：“以上为个人经验整理，产品信息来自公积金管理中心公开资料，请以实际为准！大家按需申请，得如实填写资料#公积金 #五险一金 #存款    #公积金提取攻略   #公积金提取流程   #可提可帮",1小时前 广东,1,1,评论
Cecilia.,浦东机场休眠仓,"体验还不错
#上海浦东机场",6天前 上海,1191,322,453
睡眠模式,个人猜想而已,比起去考古梓渝的小红书，个人比较偏向于小梓渝私底下有对雷子说过这句话，所以他就顺手发了，刚好对应梓渝以前的文案（有没有被这句话治愈到），雷子表示他也有。#栩你渝生,编辑于 3天前 福建,791,69,202
大橘大利,六机长焦对比，苹果还是退出长焦赛道吧,"拍照设备：
📱HUAWEI Pura 80 Ultra
📱vivo X200 Ultra
📱小米 15 Ultra
📱iPhone16 Pro
📱OPPO Find X8 Ultra
📱三星 S25 Ultra
今天带了6台手机来拍摄广州塔对比图，均为晴天下午拍摄，原图直出无参数无滤镜，都是原相机放大20倍（图2-图7）和10倍（图8-图13）同一角度拍摄。一起看看这6台旗舰表现怎么样！
	
个人感受：
清晰度方面苹果和三星都不太占优势，尤其是苹果的长焦，10倍看着还不错，20倍的就不如其他手机清晰了，发灰感比较严重噪点也比较多。三星则是偏灰有雾感，看着雾蒙蒙的，画面边缘有轻微模糊，远处天线、网格的细节丢失较多。整体的清晰度和亮度是左边这三部手机（OV华）拍的比较好，放大看窗户、摩天轮、建筑细节等都比较清楚。
细节上个人感觉是小米更胜一筹，没有什么算法涂抹的痕迹，比较有真实感。徕卡色彩风格下，画面有 “德味” 质感，建筑细节（网格、塔顶天线）清晰。色彩还原方面比较喜欢OPPO拍的，天空云朵都比较清晰颜色也比较接近当天的真实颜色。画面比较通透，建筑纹理锐利且不失自然，云层层次、塔身的网格阴影等细节还原到位，长焦解析力出色。vivo和华为的色调也属于比较自然柔和的[心心眼R]。
	
每部手机都各有优劣，👀 你更喜欢哪部手机的长焦效果呢？一起来投票吧！
#你更喜欢哪个？ [投票]#
#数码大玩家 #OPPO #华为 #手机长焦 #三星 #iPhone #小米 #摄影 #拍照",昨天 18:35 广东,513,53,172
蛮不讲黎,麻烦帮我p个女朋友 谢谢,我很喜欢笑，想把正能量传给身边的每一个人，而不是传播负能量，#喜欢女孩子  任何人都应该被温柔以待,2天前 广东,444,19,186
林壮士,和杰伦淋一场青春的雨！,#总要去看一场演唱会吧 #周杰伦厦门,6天前 福建,1669,54,125
momo,无锡文旅怕是脸都要笑烂了,"哈哈哈哈，流量给冲的tag都换了
#顺恨",07-01 四川,2127,146,290
vvbuu,感觉我爸是真正的专家,"谁是专家我还不知道吗
#大学把我害惨了",编辑于 07-08 北京,5万,5853,1947
瑞士辣妈CC,和瑞士人聊天我明白了国人焦虑的根本是恐惧,"今天午休时，丈夫回家聊起他们瑞士公司的一个同事。
“他女儿辞职了，”他说，“打算一个人去南美洲旅行半年，也没订具体路线，就想边走边看。”
我一边做饭一边脱口而出：“那她半年后打算干嘛？”
丈夫笑着看我一眼，“她爸说，随她吧哈哈，走着看呗。”
	
晚上跟闺蜜视频聊到这件事，她沉默了一下，说：
“你这反应，是我们典型的‘中国式焦虑’。”
那一刻我突然愣住了。
是啊，我们好像总是下意识地想知道“然后呢？”
好像人生所有的安排，都必须有一个清晰的路径，必须有个交代。
最近我发了一些瑞士的生活小片段，后台很多留言说：“你能这样，是因为在国外，有米，有底气有退路。”
	
我完全理解。但同时我也意识到——我们焦虑的根源，真的不是有没有退路，而是我们不敢失败。
	
以前，在我身边的这些外国同事，对失败的定义和我们完全不一样：Gap一年不是失败，三十多岁改行不是失败，没有存款也不是失败。
	
他们可以在35岁回学校重读一个专业，也可以在40岁放弃高薪工作去画画、去种菜。别人问他们：“你这样以后怎么办？”他们会耸耸肩，说：不知道，但我想试试。
	
可我们呢？
我们的人生轨道似乎早就被安排好：大学、工作、买房、结婚、生娃，一步都不能错。30岁还没买房会焦虑，35岁没结婚被催，哪怕某一步慢了半拍，就觉得人生要完蛋。
	
我们从小就被教育要赢在起跑线，怕被落下，怕被超越，怕走错一步就回不来了…
现实是中国人口太多竞争太大了，以至于当别人说要去gap一年，我们第一反应不是“哇，好羡慕”，而是“你以后怎么办？”
	
我坐在火车上看着窗外的阿尔卑斯山上，我突然有点懂了丈夫同事的心态：人生也许就该有那么几个时刻，允许自己不想太远。
	
毕竟，很多我们担心的“万一”，真的永远不会发生。
而就算发生了，也不一定是灾难，也许反而是另一个开始。
#海外生活 #文化差异 #东西方文化 #瑞士 #裸辞看世界",编辑于 7天前 意大利,2.6万,8867,4647
小正,李宇春的兵报道！,又见到了黄色大旗海！今天玉米们都太棒啦！#李宇春 #音乐节,6天前 湖南,37,2,评论
库酱.,谁懂啊，这个角色好可爱啊！,香肠派对#好可爱 #请选择 [PK]#,07-11 马来西亚,19,2,2
邱邱邱邱邱,权志龙吉隆坡超燃跳舞,权志龙吉隆坡演唱会day1#权志龙 #权志龙吉隆坡  #权志龙吉隆坡演唱会,昨天 22:05 北京,3545,471,153
幽灵日常,wm面试现场…这辈子没见过这么多大长腿美女！,#WM南京  #南京新百  #新百73周年庆#时髦精聚集地 #模特日常 #沉浸式逛街 #店员有种平静的疯感 #时尚行业打工 #每个人都是模特 #跟我一起逛街,编辑于 昨天 21:02 江苏,1507,391,399
陈昌文营销书籍讲书人-心仪2,,#老板思维 #商业思维 #企业管理,2天前 广东,3,4,评论
虾画展,战斗机座舱屏显系统|提示词分享,"提示词：a design sketch of the F-35 stealth fighter cockpit display system, featuring a 3D-rendered close-up of the panoramic touchscreen interface set against a pure white background. The main structure includes the multi-function panoramic display (MFPD) with segmented data zones: target acquisition radar feed, threat matrix grid, flight envelope indicator, and weapon status channel. Architectural interface details include soft-edge screen bevels, low-reflective anti-glare coating, tactile feedback zones, and side-mounted display mode toggles. Surrounding the main rendering are annotated avionics modules: left-hand throttle with sensor switches, pilot touchscreen glove interface, automatic terrain contour map overlay, and auxiliary data bus connector each marked with precise dimensional callouts and bilingual technical notes. --ar 3:4 --raw
﻿#AI﻿ ﻿#绘画﻿ ﻿#战斗机﻿ ﻿#全息衍射平显系统﻿ ﻿#军事﻿ ﻿#战斗机﻿ ﻿#军事迷﻿ ﻿#分享",07-02 浙江,1万,5628,225
学猫叫,肝已烂了坏8处,#感觉身体被掏空了 #养肝就是养命 #好气色靠肝养#身体发出的信号 #肝损伤症状#夏季养生#皮肤问题#眼睛不适#肝损伤影响,编辑于 3天前 河南,7,6,11
一辆,,"现实中遇到这辆小鹏陆地航母
有种装甲车上路的感觉
拥有C照的朋友，你觉得自己Hold得住吗？#种草此CAR #启光计划2.0 #小鹏汇天 #小鹏陆地航母",06-28 广东,1768,306,421
KACY,颖友见面会,#林志颖 呀，是我们久违的见面会呀，是我们好久不见的老林呀@林志颖 Jimmy,编辑于 07-08 福建,702,129,234
北卡蓝黄,海口再见 Eason再见 ！,"我的第三次fnds结束
天气不似预期，但要走 总要飞。
从厦门-潮汕-海口很特种兵的旅游方式去看Eason，幸运的事还有各位好知己，陪我唱歌天赐的福气，来时如夏日，聚散匆匆。
	
#陈奕迅海口演唱会 #赴一场青春的约会 #陈奕迅fnds #陈奕迅",06-20 福建,89,3,40
一米九六,勇闯自媒体第一天,嘻嘻嘻嘻嘻 我喜欢我的工作#勇闯自媒体 #一米八 #大帅哥,2小时前 河南,8,收藏,7
韩律师盈科,宗庆后算重婚罪吗？,"以下说法以网络流传的资料为依据，只为说明问题。
据说​宗庆后，不但有二房，还有三房。现在我的问题是宗庆后违反了什么？人设崩塌了吗？
​首先看宗庆后违反了什么？不管是以前的婚姻法还是现在民法典婚姻家庭编都规定了一夫一妻制，宗庆后有二房三房违反了一夫一妻制吗？并没有。因为，两部法律规定的婚姻关系中的结婚以有没有结婚登记为准，没有证据显示宗庆后和二房三房领了结婚证，没有违反婚姻法，没有违反一婚一妻制。违反了刑法重婚罪吗？违反了，确实违反了。重婚罪是亲告罪，要利害关系人提起自诉，只有法院确定被告人有罪才算有罪。虽然，宗庆后涉嫌违反了刑法关于重婚罪的条款，但法院没有确定他有罪，只能说他行为违反了刑法，但没有罪，对于驾鹤西去的人法院也不会审理，所以确定其无罪。
​大家都知道：法无禁止即自由，刑法虽然禁止重婚，但需要被害人主张才禁止。这么说来，只要被害人不主张重婚，重婚就是合法的。这么看的话，宗庆后重婚也是合法的。
​法律承认非婚子女与婚生子女享有平等的权利，又规定人人平等，那等于是非婚子女是没有任何区别与他人权利义务的地方，也就说他们是法律视角下的正常人。作为结果的非婚子女是法律意义的正常人和其他人并无区别，而作为产生这种结果的原因有什么不正常呢？如果说不正常，就是承认错误的原因产生了正常的结果。
​综上所述，宗庆后涉嫌违反了刑法，但没有犯罪，也没有违反民法。结论是没有违反法律。
​宗庆后人设崩塌了吗？上面分析了他的行为没有被法院确定有罪，不违反民法。那么违反道德了吗？只有违反了道德才判定人设崩塌。宗庆后的人设是什么？是爱国企业家，良心企业家。爱国不爱国，有没有良心与有没有二房三房是不同的问题，有二房三房不影响他是爱国企业家，是良心企业家。
​那么有二房三房是违反了什么道德？作为男女关系方面的道德，应该忠于一夫一妻的道德标准吗？是也不是。一般来说破坏别人家庭的男女关系才是违反了道德。如果是这个标准的话，有家庭的是宗庆后，破坏别人家庭的人是二房三房而不是宗庆后。还有一种违反男女关系的道德标准，就是乱搞。这种一直保持的男女关系，比较稳定的男女关系也不混乱，只是比较复古。应该违反现代社会的核心价值观，似乎，人们对此有比较高的容忍度，是不是不道德没有一致的看法。这么说来，好像人设也没有崩塌。这种社会现象成了定性的难题，聪明智慧的你一定有定论。",5天前 浙江,139,30,768
归桑,你们仨就这么组队啊？？,#用王者方式打开苏州 #王者荣耀 #孙家三兄妹陪你游苏州 #江东三兄妹 #孙权 #孙尚香 #孙策,编辑于 3天前 江苏,2473,402,32
那个拿冠军的赵家驹,2025崇礼100公里,今年不跑168公里了，跑100公里，本来想着前五就行，超出预期，得了季军……,07-11 河北,738,18,93
第十七版剧本^,,蹲好价应援扇和姓名牌！有没有老师接单#应援扇 #应援牌 #应援扇定制 #姓名牌 #姓名牌定制 #美工 #接单,6天前 广东,6,收藏,38
陈浩民,还好我是你亲哥，要是找别人谁肯帮你？,#情感#万万没想到#想不到吧我也没想到,6天前 上海,11,3,13
疯狂青蛙Music,I Love You So,#EuSemVocê﻿ ﻿#死別﻿ ﻿#ILoveYouSo﻿ ﻿#BeautifulPrincessDisorder﻿ ﻿#わるぐち﻿ ﻿#risesthemoon﻿ ﻿#汽水音乐﻿ ﻿#音乐推荐,7天前 广西,377,255,4
Brianna,作为创一代，对宗馥莉佩服的五体投地,"96年，坐标深圳，自己也有一家20多人的公司，对比宗馥莉来说，我不值一提
	
她到底有多强，才能力压两任继妻，两个只比她小十来岁的兄妹夺得控制权啊
	
看了宗馥莉十几年前的一个采访，那时候她大概三十岁，真的很牛，学识、谈吐、逻辑、品性、眼界、能力，不论哪个方面都是完完全全的大女主属性。
	
宗馥莉真是完完全全的大女主。逻辑清晰，野心勃勃同时又格局远大。 她想要的不是接班让企业存续下去，而是让中国企业走出去，让整个行业规范又强大起来。主持人问她能不能hold住这个东西，其实就是把她客体化，放在被审判的位置上。她立刻表示，不是这个问题，而是我要把这个行业做到如何如何，立刻表达了主体化的观点。
	
也就是说在她青春飞扬的十几二十岁她就已经知道了自己的野心，自己的使命并且依靠无比的智慧，勤奋和能力；吃透了老父亲的个性，并且团结一切可以团结的，扫荡一切阻碍她的；筑牢所有可以保护她的堡垒，磨尖一切可以冲刺的尖枪 。
	
—
有没有发现，时代变了，以前长辈和社会的规训，总让女孩子要听话、要乖乖的、要早点结婚。
	
好像不会有人跟女孩子说，你长大要创一番事业、要当老板。
	
但是不一样了，一切已经在悄悄变化。
	
把自己养成宗馥莉，爽文大女主的剧本，才是现在需要的。
把自己活成一个团队，把自己活成一家公司。用自己的双手和能力给自己创造想要的生活。
	
女孩子也可以有攻击性，女孩子也得有自己的事业，不需要依附于自己的丈夫或者是父亲。
	
张牙舞爪的，也可以是人生",2天前 广东,13,1,1
一捧金元宝,2.1w😋😋我姐以为我花了10万！,"图文内容均为已授权
#不懂就问有问必答 #省钱   #网购   #网购省钱   #网购省钱小妙招   #浪漫生话的记录者   #生活   #省钱攻略",13小时前 广东,219,314,8
為什麼不帶上我們白鳥沢,骗子还钱。,"12号在🍠找到这个人 当时还不知道他是骗子  因为煮包没有zfb啊 所以问他可不可以走v他同意了 加上v之后他把快递单号发给煮包 煮包也转了钱 本来以为要拿到一个备用机了 结果第二天发个消息他直接把煮包给拉黑了 就很生气啊 因为煮包不是第一次在v上收物了所以对所有人都很放心啊 谁知道会被骗啊 之后不甘心又去🍠上来找结果也被拉黑了 一句解释也没有啊 现在就很担心会不会快递来会是空的…毕竟他如果没有做亏心事就不会这么急着拉黑我啊
#网上被骗钱 #谨防上当受骗 #骗子远离我 #注意防诈骗 #注意防诈骗 #骗子请绕道 #防骗",6天前 浙江,289,28,415
ww,不好的项目只会让你越陷越深,刚暴雷跑路的新xx，好项目坏项目一眼就能看出来，自己不要盲目的去玩，玩点稳定的不好吗。#资金盘 #资金盘曝光 #资金盘骗局 #资金盘新盘,2天前 山东,1,收藏,12
太原古县城旅拍📷,太原丨宋制珍珠妆❗中式审美经典永不过时❗,"太原古县城丨
宋制珍珠妆真的美得如诗如画
大气端庄，温婉灵动，清冷感拉满
不愧是美到连央视都在推的珍珠妆
已经夸累了！珍珠妆真的绝美啊
#汉服 #古风妆造 #宋制汉服 #汉服写真 #宋制汉服 #汉服模特 #古典妆造 #原来穿上古装也能这么美 #汉服美人图鉴#云倾汉服馆",07-02 山西,1,收藏,评论
BF,,#路怒症 #F1 #f1赛车 #声浪 #竞技,3天前 吉林,15,4,4
欣欣,北京跟团被坑第一天,"在网上找的旅游跟团1100一个人，已被坑。提前好多天在网上订的，付了一百定金。第一天下午司机把我们从北京西站接到酒店大厅，查了下这个酒店是五星级温泉酒店感觉还不错，就没有多想。然后旅行社的人员跟我们对接，签合同，付尾款。中间出现了两个问题让我们产生了疑问，有两个需要额外付费的，第一，每个人要交一个60元的人身意外险。第二，景区摆渡车加什么东西不记得了一起390元每人，也是自愿购买。人身意外险是自愿的，但是你不交，他不会承担任何意外责任。僵持了好久，我再三强调我们一家人都有自己的意外险，不愿意买这个意外险，最后才没买。那个390元的自费费用也没交。
签完合同，按之前约定好的尾款付好以后，拿身份证到大厅前台开房，开好后，前台客服告知，我们旅游社订的酒店是在对面二楼居住，我问是否有电梯，客服说没有，我的心一下就提到嗓子眼了，不好，又被坑了，这下好了，尾款也付了，这也没办法了。对面是一个温泉水世界，小孩子玩水的地方。想着来北京一趟也不容易，就将就着玩玩这几天，没想到后面还有很多坑等着你
最糟心的是我们住的酒店离天安门30多公里，附近最近的地铁有五六公里，想要出行真的很不方便#旅游中的小遗憾 #北京旅行 #踩坑",昨天 19:50 北京,135,46,950
墨染瞳,,#谁用谁好看的滤镜 #自拍 🤳,3小时前 四川,4,收藏,5
地球Online华夏服务器,地球online不支持的玩家自我诋毁行为,"▍地球online不会干涉用户的行为，但系统并不推荐玩家以调侃语气进行自我诋毁
	
每一位玩家的建模，都是依据【多元外观兼容算法】生成，未设定“标准答案”或“优化版本”。
	
本系统鼓励你将算力用于生活主线推进、技能树探索、buff管理等可持续内容
	
感谢反馈。
#地球online #地球online日记",编辑于 07-10 辽宁,8.2万,1万,2.2万
乾融小孙,我现在能怎么办,我是个95后，在厂里干活，工作比较稳定。收入有忙闲季的差别，但平均每月大概7000块，本来感觉够用。可最近家里突发状况，我借了大约15万的网贷。如今每月还款就要接近1万！碰到厂里加班少的时候，工资根本还不上，只能靠倒💳周转。现在💳都刷空了，实在撑不住了。想请教大家，这种情况有啥法子能帮我挺过去吗？真的需要大家帮帮忙！#负债#江苏#淮安#同城,6天前 江苏,1,13,77
Lorien Studio,小红书卖饰品非得这样包装吗🥲,"想把小店的饰品转到📕，看了一圈惊呆了，真的是一层包一层，还有一堆卡片和小礼物。本来觉得我的包装已经挺不错了，线下顾客也都满意的，现在觉得和大环境比还是逊色太多
想问我这包装还需要加别的吗
『关于包裹』
＊戒指💍＊皮质首饰收纳袋＊擦银布＊保养卡
	
#拒绝过度包装 #打包分享 #简约包装 #戒指推荐 #环保包装  #纯银戒指 #打包日记",5天前 浙江,268,152,46
摸鱼烧麦,李宇春出场前的大旗真壮观啊,#李宇春 #零食音乐节 #长沙 #周末愉快 #音乐节,6天前 湖南,76,3,3
cv工程师,寓见西山选房Day1满意收尾,"哈哈，运气挺好，选到了唯二的阳台阳光O户型房了
很满意，社区工作人员服务非常好！#保障性住房 #寓见西山",编辑于 5天前 北京,31,9,77
李李,,#姐妹局,1小时前 河北,1,收藏,1
Fairy 娜小妹,,无美颜  无滤镜  纯素颜的七七❤️#南阳网红七七#街拍#素颜,5天前 河南,1327,252,140
酒酿小圆子,太原 | 晋祠王琼祠 晋溪书院,"🏯 晋祠王琼祠 晋溪书院
王琼生平：号晋溪，太原晋祠人，历成化至嘉靖四朝，官至兵部尚书，与于谦、张居正并称明代三重臣。晚年遭诬陷流放，归隐晋溪园（今晋溪书院前身），逝后获谥恭襄。
	
神龛供明代原塑坐像：身着蟒袍，手持玉圭，仪态威仪；两侧立六尊武士像（传为麾下总兵），持兵器肃立，体现武将本色。
	
南壁《出巡图》：蓝墨白为主色调，绘王琼巡视河道场景，官吏、仪仗、舟桥细节清晰，为明代官场纪实绘画孤本。
西壁僧人像：神龛南侧单幅僧人立像，衣纹飘逸如晋水波光。
	
对面为晋溪书院，原为王琼养老别墅晋溪园，其子王朝立遵遗嘱改建为书院，成三晋学术重镇。
	
🚗开放时间：8：30-18：00
门票： 含于晋祠博物馆80元门票",06-29 山西,5,2,评论
,,,,,,
150 的小锦,可以网恋的真实图片,"可以拿去网恋的真实图片，有需要的姐妹，礼貌拿图哟
本人不网恋，已婚
宝宝们，点点关注不迷路哟
⚠️⚠️⚠️
宝子们嘴下留情，嘴下留情，感谢🙏
只是我觉得这种图片才真实
如果是精修图或者特别美的就会不真实
你可以不用 ，也可以不喜欢，划走就好
我知道我长得并不美
在此声明：本人只有小红书这一个账号
⚠️⚠️⚠️⚠️⚠️⚠️⚠️⚠️
拿图的集美们，不可以拿我的照片做违法乱纪的事情哦
照片拿走概不负责，照片拿走概不负责
👮‍♀️👮‍♀️👮‍♀️👮‍♀️👮‍♀️👮‍♀️⚠️⚠️⚠️👮‍♀️👮‍♀️👮‍♀️👮‍♀️👮‍♀️👮‍♀️
拿去做违法乱纪的事情的人烂 p 眼子，损失💰
👮‍♀️👮‍♀️👮‍♀️👮‍♀️👮‍♀️👮‍♀️⚠️⚠️⚠️👮‍♀️👮‍♀️👮‍♀️👮‍♀️👮‍♀️👮‍♀️
网恋需谨慎，宝宝们要保护好自己
⚠️想要塔 Z🔮🔮的最后一张图片女孩头上找我
爱你们哟
#网恋图片女 #可以网恋的图片 #网恋需谨慎 #可以网恋的真实照片",2小时前 河南,2,2,5
Niniii💭,o(≧v≦)o🤍,#喵喵 #宝宝看镜头 #分享图片,编辑于 07-07 上海,1070,143,23
远远装修日记,图一到图二，这就是软装的意义吧,"建面142平，套内118平，四室两厅两卫
整体装修简约风，硬装只花费14w
虽然普普通通，好在宽敞舒适
现在小家已经入住三年了，依然幸福感满满～
#家的养成计划 #装修 #我的装修记录 #跟着小红书学装修 #装修前后对比 #无美颜无滤镜的家 #家是我的能量场 #窗景 #MINI全面运动会#绝对MINI #漫生活Moda刚好 #满分小折大展身手 #OPPO影像大赛 #OPPOFindX8Ultra演唱会神器 #骁龙8至尊版#纯境旅行试试水#当户二代的好篷友#美素佳儿自然户二代 #味道纯纯真好喝 #士不可挡的理由#我的轻办公搭子 #vivoXFold5 #这个宝宝蛋挞会卖萌 #柔酸刷脸爱上刷脸#兰个搭子原地度假#AI懂我脑回路 #缓震新境界 #致每一个开拍时刻",4天前 江苏,1923,1302,202
..是两颗痣,穿的这么泰也不行吗,"去清迈大学必经路上 被拦下直接去Krungthai Bank交就行昂 骑过去4分钟 泰兰德“临时驾驶证” 早交早放心🙂‍↕️ 悬着的这颗心终于是落下了
#泰兰德 #清迈大学 #清迈摩托车",5天前 泰国,192,50,345
夹心小饼干,🦢🫧和朋友去玩水咯,"周末跟朋友冲了一趟淮安！
发现了个超适合过夏天过周末的宝藏地——
淮安龙宫海洋世界 & 嬉水大世界！
上午逛海洋馆沉浸式看鱼🐠 下午直接二楼玩水！
出片、玩水，快乐拉满✨
夏天就该这么过！！
#水上乐园#海底世界#淮安龙宫海洋世界 #淮安龙宫十周年庆 #淮安龙宫蛋仔联名 #龙宫水上大冲关 #暑假去哪玩#周末去哪儿#日常 #来拍照了 #泡在水里的快乐 #一起玩水的乐趣",编辑于 昨天 17:32 江苏,1364,531,25
小红薯671483EF,,"📍太原𝐓𝐚𝐢 𝐘𝐮𝐚𝐧.
永远爱傍晚的微风和日落的黄昏#太原植物园 #隐藏在城市的美景",06-23 山西,2,收藏,2
Eli🌸,和爸爸在成都,#生日碎片 #混血 #成都天府美术馆,6天前 四川,5058,148,731
世界级的毛毛大王🦊,这是谁啊？！有没有人能告诉我！！！,"标题党一下
在世界线又偶遇园长了、这也太美了吧！！！好权威的脸和身材#世界线漫展 #逆水寒 #漫展#琳园长",编辑于 5天前 四川,6493,822,243
Anchor77-,live◍˃ᵕ˂◍,#06 #射手座,07-04 浙江,2814,184,57
拾柒,,下班下班喽#谁用谁好看的滤镜 #偶尔卖个萌 #日常自拍,07-09 山东,2,收藏,评论
penny,给我帅晕了,妈呀 热的我要中暑了…看见的那一刻都好了🥲#朴成训,07-06 日本,8092,1109,404
美少女壮士啊,短发翻车后，第二天醒过来,#短发,06-23 上海,912,89,678
小虎子～（喵喵喵版）,“Day4自主播+Day1 plog博主报道！,"对着镜头说脱口秀会嘴瓢，拍了一上午照片找了无数个角度，翻了各个角落才出图五张图片——但今天也是认真记录的一天呀～（还在找工作中～）
ps：如果有宝宝也想走plog赛道，就勇敢做起来呀！它不像拍vlog那样需要有场景有视频内容，也不用剪辑视频！“区区三万天，试试又能怎”万一成功了呢～
看看三个月后能涨多少粉👀
#素人做博主的长成日记 #plog #我的日常plog #养成系博主 #官方大大求流量 #我爱官方 #自媒体干货分享 #互相涨粉#真诚才是必杀技  #新手勿喷",1小时前 河南,24,13,43
晚安,小红书可以发语音啦？,为啥你们都可以发，我的都没这个功能啊？,昨天 16:45 湖南,267,45,956
爱斯塔酒庄,远赴人间惊鸿宴，老君山顶吃泡面🚀,"老君山[poi_v2]# #远赴人间惊鸿宴
一桶十元，2桶20元。
我是跟团来的 比较方便
就是走的路比较多（我一二级电梯都买了）
但是还会提醒我走了20000多步
商业气息较重
还好没太被出马仙破坏氛围
老君爷挺好的看着很慈悲
景区最多的就是卖水的卖泡面的和各种小饭馆儿
天气变换莫测 一会儿下雨 一会晴天
景区指路牌太少了
其他都挺好的
太上老君特别特别好
各路神仙特别特别好
其他，（一般般）
#河南老君山#太上老君#金顶#洛阳栾川县#洛阳老君山",7天前 河南,13,2,4
敏而慎,,演唱会场外没有厕所，必须要下到地铁里面去拿卡，然后排队上厕所。 #遥遥领先式圈#青岛 #让世界更美好 演唱会#广阔天地大有作为 #信号全覆盖 #行走的广告 #所有目的地 #深 深,3天前 四川,3,收藏,评论
小海绵,生活气息,#生活里的瞬间,5天前 浙江,1,收藏,评论
ElysiumPlanitia,月入1k2如何在广州荒野求生,妈妈我好像有点死了，我寒窗苦读15年到头来只得到一线城市1k2的月工资吗#月薪 #月光族 #甚至不是月光族是月负族 #广州工资 #收入 #月入1k2是什么体验 #荒野求生,编辑于 3天前 广东,106,14,427
安好baby呀,花不完根本花不完,"#不上班的日子 @VLOG薯
第二十九天
今日消费-618
支出:🀄️-600🚬-18
余额：10550.79
一个月总有那么几天霉霉的，已经被牌玩崩了心态",5天前 江西,2821,108,613
Mark Wang,十年，今天入籍了🇦🇺,"🇦🇺 今天是值得纪念的一天！
在澳洲待了整整十年，终于等到这张纸——今天正式成为澳洲公民啦！
问我什么感觉？
除了感谢2015年那个勇敢出发的自己，其实也没有什么太浮夸的情绪。毕竟现在吃的是澳洲的饭、交的是这里的税……还有账单，还有罚单🤣
但内心的确多了一份踏实，也多了一个人生的选项。
来分享一下这十年的时间线：
2015/07/21 登入澳洲
2022/08/11 提交永居申请
2023/09/28 拿到永居
2024/10/08 申请入籍
2025/06/15 公民申请批准
2025/07/15 正式成为澳洲公民（今天！）
人生没几个十年。今天是我成为澳洲人的第一天。
而明天……
也许可以去加入army ？哈哈哈 😆
#澳大利亞 #citizenship #Riverside's National Theatre of Parramatta[poi_v2]#",4天前 澳大利亚,1214,137,1277
吃吃,,#小红盒 #分享今日穿搭 #小红书兴趣季,2天前 广东,7,2,评论
咕噜布鲁,小🍔来咯,#今天不一样 #变妆看我的 #随便发发反正也没人看,3小时前 广东,点赞,收藏,评论
重生之我在湘西职院当学姐,,"1. 官方态度与算法逻辑
- 小红书官方明确表示「日更不会直接导致限流」，流量波动主要取决于内容质量（2023年算法白皮书）
- 但平台采用「去中心化分发」机制，单日发布超过3条时，系统会优先测试第一条数据，其余内容可能延迟分发
2. 实测数据参考
- 优质账号案例：美妆类TOP账号「@小春日青」保持日更1条，30天笔记平均曝光量稳定在5-10万
- 风险案例：穿搭账号「@CC精选」测试日更3条后，第3条笔记打开率下降42%（数据来自新红平台监测）
3. 创作者应对策
✅ 优质日更方案
- 固定时间段发布（如18:00-20:00）
- 严格保证内容质量（原创度＞70%，图片分辨率≥1080px）
- 每发布3条日常内容后，穿插1条干货/合集类笔记
⚠️ 需警惕的日更陷阱
- 同一时间段连续发布（易触发重复内容识别）
- 使用相同封面模板超过3次（平台判定为低质模板化内容）
- 日更视频+图文混合发布时，流量分配权重会重新计算
4. 特殊情况的处理
- 新账号：建议前7天保持隔日更，待账号标签稳定后再逐步增加频率
- 活动期间：官方活动时（如618），日更限制放宽至5条/天，但需带活动话题
- 违规后恢复期：违规后15天内不建议日更，易触发二次审核
最佳实践建议：
采用「3+1+2」更新节奏：
- 3天连续更新优质内容
- 第4天停更做数据复盘
- 接下来2天根据数据优化发布
此模式经测试可使账号流量稳定性提升35%（数据来源：千瓜2024创作者报告）
建议用创作者服务中心的「周数据对比」功能监控流量变化，当单篇笔记自然流量低于账号均值30%时，应立即调整发布频率。#流量从四面八方来 #大流量 #不保持更新 #互动是关键 #优质内容输出者 #流量也会成为一种力量",07-12 重庆,581,436,117
兔子先生,,"大连公司避雷公司汇总，欢迎大家交流
#求助offer选择 #神仙公司 #不踩雷 #避坑 #求职 #年轻人向往的好公司 #找工作别走弯 #踩坑",5天前 辽宁,804,615,498
传习社社长,社交黑暗森林法则,"1.能害你的人就在你身边
2.朋友圈里面大量的人并不一定真的是你的朋友
3.让别人知道你有多牛，或者让别人知道你在干嘛这件事情一点儿都不牛，别人能判断你的方式很多就是通过朋友圈来的，只要知情，不管是好的情况还是不好的，都会给对方一个可以触摸到你爱好习惯的突破口
#远离无用社交 #人生的意义 #日常文案",07-10 陕西,5946,1590,1663
瑶瑶Ivy.,什么都不管了交给时间吧,#慢慢来样样都好,4天前 河南,144,23,21
一只萌粒圆子🍔,朋友圈背景｜大海和云一切自由想象🌊,"海愈云笺 心向晴澜🥤
海在远方翻涌成诗，云于天际缱绻为画。浪尖揉碎霞光，海风云影悠然 时而遮日 洒下凉荫 时而散开 鸥鸟振翅，踏浪而行，沙粒绵软，每一步都陷入大海的拥抱，仰头望云，思绪随其飘远，烦忧被海风卷走，只余澄澈心境，在这一方碧海柔云间，寻得灵魂栖息之所🍸
#朋友圈动态背景 #朋友圈背景视频 #朋友圈背景图分享 #动态背景图 #动态壁纸 #实况照片 #动态背景 #动态背景视频 #背景图分享 #朋友圈背景图",编辑于 6小时前 江苏,2703,1048,227
自信的唯梦,花傲天你不要太离谱了…,#和平精英 #和平精英夏日焕新 #和平绝地指挥带你上分 #和平精英上线花傲天AI队友,4天前 广东,1177,721,35
青衫不改旧人还,,"✨一个月入13个后，我彻底不焦虑了！
2个月前从零做抖音号，除了睡觉全在肝内容（每天3条），现在把压箱底的经验掏出来——新手照着走，少绕一年弯路！💥
📌开号第一步：这些坑别踩！
❌别信“养号”套路！新号0粉丝就能开橱窗，亲测有效
❌起名别太“官方”！“李姨逛集市66”比“好物推荐”接地气100倍
❌设备不用买新的！爸妈淘汰的旧手机就行（安卓更方便，我用小米8做了2个号）
❌多个号连同一WiFi没事，但别同时发视频，容易被限
💡发布技巧：亲测能爆的实操法
✅每天3个时间点发：早5-6点、午12点、晚7点，流量峰值亲测准
✅不用自己拍视频！下载5个爆款同款，剪映AI一键改改就能用（前3秒放抓眼球画面，结尾喊“进橱窗”）
✅封面必须怼产品特写！别人看着有欲望才会点
✅千万别投流！我3条爆火视频全没花过钱
🛒开橱窗超简单！3步搞定
①点右上角小人→创作者中心
②交100元保证金（能退！）
③等审核通过，去选品中心加商品
签名直接写“橱窗有好物”，直白才有用～
🎯选品牢记这3点！
✅新手别瞎选！直接盯爆款：蹲销量高的小超市直播间（我专盯养生类），看主播主页爆火视频带什么品
✅去抖音搜同款，按“最近7天+高点赞”排序，存前20条视频照着剪
✅橱窗别贪多！只挂1个品，产品多了反而让人纠结（血的教训）
❌避开服装/美妆！退货率能哭死，养生、食品、百货类更稳
最后划重点：一个号跑通了就复制！换剪辑模板做矩阵，放大收益超快～
姐妹们，做号靠的不是运气是方法！按这几步走，你也能少焦虑多赚钱～ 冲鸭！💪#抖音#抖音橱窗带货",1天前 广西,点赞,收藏,2
解说英凯,《女巫的毒药 KPL版》2.0,#kpl﻿ ﻿#kpl创作者激励计划﻿ ﻿#2025kpl夏季赛﻿ ﻿#广州TTG清清﻿ ﻿#女巫的毒药﻿ ﻿#英凯﻿ ﻿#电竞主持人﻿ ﻿#桌游﻿ ﻿#搞笑﻿ ﻿#王者荣耀,1天前 上海,4034,114,393
大福啊,36岁，大龄未婚女，我的人生毫无规划。,"别人的36岁
早已完成了结婚生子
买车买房，升职加薪事业有成
	
而我的36岁
浑浑噩噩得过且过
这36年，好像没有让我觉得很有意义的事
日子一天天就这样过去了
偶尔会想想离开北京回老家，但始终下不了决心。
	
#北漂生活 #人生迷茫是常态",编辑于 2天前 北京,491,84,776
奇妙彬彬,基层公务员抑郁自救：辞职,"已经决定好啦，终于开始走流程啦，后续会和大家更新我的辞职手续和时间！
谢谢大家的关注我会好好更新我的抑郁自救vlog和跳舞！希望能给大家一个好好生活的参考！
	
抑郁的姐妹们，你们不要害怕，这并不羞耻，并不是坏事，抑郁是觉醒，是身体的求救，一定是善良的你一直委屈自己太久了，这是让你觉察自己感受，了解自己，让自己更加幸福的机会
#公务员辞职 #体制内抑郁 #基层公务员抑郁自救记录",3天前 四川,1868,801,1322
六个陈皮糖（研0版）,🇯🇵求日本必买top1,"马上去日本旅游～大家有木有推荐的必买好物呀 真诚发问🙋‍♀️
#日本 #日本旅行 #日本必买 #日本好物分享 #有想法轻松发",07-11 江苏,2376,3085,581
在家兜不住屎,这玩意处理了要花多少钱？,能拆掉吗？重新收拾一下浴室要多少钱。,06-25 辽宁,3.4万,5176,1.4万
大厂日爆,刚刚，雷军会面黄仁勋，小米英伟达有新合作？,"刚刚，英伟达CEO黄仁勋与小米创始人雷军会面的照片曝光。照片中，两人面带微笑，十分亲密。据说此次老黄与雷军会面是拜访客户，属于非公开行程 。
	
这次已经老黄年内第三次来大陆。前两次来访，同样引发了业界的广泛讨论。今年1月，黄仁勋先后到访深圳、北京、上海等地，参加了英伟达分公司的年会活动，还向员工派发新春红包，之后又与当地开发者及合作伙伴举行了一系列晚宴和内部会议，表达了对中国市场的重视以及对员工的关怀。
	
4月，老黄来华则更正式一点，他在接受采访时表示，中国大陆是英伟达非常重要的市场，希望能够继续合作。
	
值得一提的是，黄仁勋与雷军的渊源颇深。2013年，黄仁勋就曾雷军同台。当时，在小米3的发布会上，黄仁勋亲自登台推销英伟达的Tegra芯片 。为了拉近与中国消费者的距离，他全程用中文发言，甚至笑称自己是“米粉”。不知道这一次会面双方会不会有新的合作？
	
#互联网大厂 #小米 #雷军 #英伟达 #黄仁勋 #小红书热点观察团",6天前 北京,1177,190,480
💙蓝小姐的驾驶舱🚗日记,Plog| 🚗.𝙨𝙝𝙖𝙧𝙚  今天炫的漂亮饭𐂐 ✌︎,"𝗛𝗲𝗹𝗹𝗼𝗼𝗼𝗼𝗼𝗼宝子们！欢迎来到蓝小姐的𝗽𝗹𝗼𝗴频道✨@💙蓝小姐的驾驶舱🚗日记
	
亚洋食，美食周末新体验✨
	
来一场舌尖上的亚洋盛宴～
	
亚洋食餐厅 | 融合风味的极致享受✨
来看看👀我的menu
玉子蛋可颂搭配龙虾汤
松露奶油烤清远鸡
辣子奶油天使面
葱香烤骨髓牛裙边拌饭
糖渍树番茄与龙眼椰子雪花冰
在这里，每一口都是惊喜，快来开启美食之旅吧！
	
OK，被艾特的人要带你一起去吃漂亮饭！！！
	
#food #iphone调色 #发现生活中的可可爱爱 #亚洋食 #别屋 #武汉亚洋食 #别屋风味亚洋食 #我会被文字打动 #周末探店 #把浪漫装进车里 @薯队长 @日常薯 @薯条小助手 @薯管家 @汽车薯",编辑于 5小时前 湖北,6,2,14
再减亿点点.,173 116,#173cm女生 #高个子,编辑于 昨天 16:59 安徽,422,18,23
🤣,不是要写一个亿吗为什么又要把w改成k？,"李家洁左右脑互搏第n集#阿家家家家家Lily
特清醒一河南妮～",编辑于 2小时前 广东,624,42,142
小伊jiejie,🚴‍♀️骑行5年！终于等到VAUDE巍德来杭,"在杭州骑了5年车，终于等到德国专业户外品牌 #VAUDE巍德开到家门口了😭
就在 📍杭州湖滨银泰in77C2区L1023，立马拉着车友去打卡！
他家的骑行包我馋了好久！轻便能装还防水，骑长途再也不怕背痛！
驮包、骑行服…在这里一站式购齐了！
开业活动好多！本穷鬼也忍不住剁手了😂
	
环保又专业的德国品牌真的香！骑行党速冲~
	
棉花糖快闪的时间:28、29号下午1点到3点
	
#VAUDE杭州in77店 #骑旅看世界 #不浪费的一生#LifeWellLived #骑行装备#Vaude巍德",编辑于 5天前 浙江,110,37,6
窝兮欢倪丫,所以这意思是我还赚了？,我懒得说那么多了。大家大概看图文吧！我的头发掉色放在最后一张了截图给我看的那些我都信一半。第一个截图3000收款绝对不可能是染头发，要么是充卡。要么是接了头发。第二个截图480，男生补发我更不相信了，即使是真的哪我就是接受不了 我这头发补发要198，从来不觉得染头发便宜。真搞不懂现在的市场价格怎么都这么离谱。并且我朋友这个是工作室。如果是网红店。那我真的没什么好离谱的有人觉得我离谱的 觉得价格划算的就不要评论了。仅我根人观点谢谢！。380漂➕染并不是全头漂。就漂了发尾。还有是补染发色。没有漂,编辑于 昨天 23:03 重庆,418,38,2720
75年的大白🐰,70 后/最喜欢我这任性的 50 岁,"有人问我为啥标题要强调自己 70 后，是不是为了赚取流量，博眼球。
	
还真不是！
	
其实我只是单纯的想显摆一下 70 后姐姐也可以大大方方的做自己，也可以美的让有些人妒忌，哈哈哈！
	
因为我始终相信美不美是态度问题，想变美，有行动，有付出，有坚持，你就可以一直美下去！
	
即便有人说三道四也不必介意，管他们呢？
	
咱活咱的，咱美咱的，不伤天不害理不影响公序良德，理直气壮💪('ω'💪)
	
至于那些让你讨厌的家伙，该绝交绝交，该拉黑拉黑。
	
世界不会为我停止，但我可以选择自己的世界是个什么样子。
	
#70后 #五十岁依然保持好状态 #爱自己 #活成自己喜欢的模样 #女性成长 #不被年龄定义 #松弛感穿搭",4天前 浙江,167,8,118
khánh linh,,,编辑于 1小时前 越南,5,1,2
小椰冻奶,你就是我心动的那条河✨,#你已走进我的心里 #你是我心中无与伦比的美丽 #我等你靠近等来海啸入侵 #对你的喜欢不止一点点 #成为你的偏爱 #抓住每一刻的心动 #沉溺于你的光芒 #糟糕这是心动的感觉 #爱你的心满满 #永远臣服于温柔,2天前 山东,33,11,评论
笑笑,Summer in Paris,#chanel,编辑于 6天前 江苏,7518,396,71
李晚晚,乌兰布统 骑马 看日落,#日落后出发 #骑马看日落 #一起来骑马 #骑马穿越草原 #我在草原等你来 #赤峰 #乌兰布统,编辑于 3天前 河北,473,80,9
梁小鱼,保持好心情，快乐生活每一天,生活或许总有不如意，只要我们保持好心情，就能把普通的日子过的闪闪发光！#保持温柔热爱生活 #保持心情愉悦 #热爱生活每一天 #保持好心情 #每天都要元气满满 #好心情是自己给的 #做开心的自己 #拥有好心情 #每天热爱生活多一点 #保持乐观开心,7天前 湖北,67,46,3
艺凌,上海街拍,长的一整个明星感是什么体验？#上海街拍 #Ootd #安福路,编辑于 06-23 上海,2092,474,86
小宅,左滑看原图之超级高p 容貌焦虑🈲,"人生在世 权威二字
不靠建模 全靠p图
	
#p图前后 #p图",编辑于 昨天 00:29 湖南,12,3,19
抹茶红豆奶糖,缤纷无尽夏，花开浪漫时,#坠入绣球花的童话世界 #误入了莫奈的花园 去年就想拍稻田公园的绣球花，今年才来打卡，建议下午4点半之后来，太热了🥵，人不是很多，还是推荐的。,06-22 山西,7,1,2
小红薯6874EEFF,,,2小时前 浙江,1,收藏,1
考拉Cayla,最喜欢哪一套呢？,#翻红吧衣橱 #小红书RFL时尚轻单  #电子y3k  #ravey3k,07-11 北京,2万,516,618
Xx1yuu,🎣,"这么近那么美 周末到河北
跟朋友来秦皇岛海钓啦
#钓鱼人的快乐 #来拍照了",4天前 河北,1872,276,40
Fairy,,#fyp #日常自拍 #内向淑女温柔腼腆小女生,13小时前 山东,3,收藏,5
热巴很热吧,你知道吗 我今天,"#古早氛围感
#辣妹
#ootd",昨天 09:01 安徽,107,19,6
欧尼蘸大酱,杂七杂八,#发点生活边角料,昨天 01:51 广西,22,2,7
爱吃恩,,两部还珠格格，同样是夏雨荷，同样是琼瑶阿姨的剧，风格变化之大让人感到陌生。,昨天 22:27 北京,847,107,441
枝枝,长沙 阳光正好,#喜欢每一个有阳光的日子 #长沙 #90后,2小时前 湖南,点赞,收藏,评论
万斤大小姐,🎾 想早点回归球场,"每次听不同队友分享打网球的趣事 遇到好玩的人
我都很难过 希望自己也能尽快加入参与
那种难过比失恋 比被绿还要让人心碎焦虑
	
#浪漫生活的记录者 #网球 #网瘾是网球的网 #网球女孩 #网球热土 #我的运动日常 #运动万粉助力计划 #一起打球吗 #约球 #打球使我快乐",2小时前 广西,5,收藏,7
socute,如果爱上你只是一个梦境,#因为你爱上整个夏末,昨天 20:05 河北,1516,268,18
linn1,公园20分钟效应🌳,"吸氧！
#逛公园 #开心",编辑于 3天前 韩国,1.4万,468,1464
黏豆包,如果在十八我没能送你花,#创作灵感 #反差 #就算你是一朵难养的花 #如果在十八 #转场天花板 #变装,2小时前 江苏,857,54,81
FengFanxx,,一座没帅哥的城市,2小时前 新疆,33,2,7
IDAcreative,本月热梗🔥营销人整活必看,"✅如何呢？又能怎
✅蒜鸟～蒜鸟
✅女巫的毒药
✅卖掉了
	
#广告创意
#品牌策划
#热梗
#网络流行语
#一起来玩梗
#如何呢又能怎
#蒜鸟蒜鸟
#女巫的毒药
#卖掉了
#发疯文学",06-27 上海,91,54,2
水冰月儿🌙,,不一定很漂亮，但一定很快乐！无所谓她怎么开心怎么来，祝刷到的都一天拉一斤！#居家锻练 #养生运动 #老婆的迷惑行为 #当代宝妈精神状态,昨天 20:42 湖南,1398,361,181
吴婷婷,,阴天过后总有续命的时空 也许忘了第几个梦 那时我们身处第几个时空#保持心情愉悦 #当下即最好,07-08 福建,31,8,评论
昱晓的生活日记,亲爱的中年少女～,"愿你成为自己的太阳，无需凭借谁的光。
#做一个洒脱的中年少女 #爱自己爱生活 #女人要永远保持年轻的心态 #这是不会输给年龄的美 #慢慢活成自己喜欢的样子 #最美的年纪做最好的自己 #生活有所期待才能有所热爱",06-21 河南,111,52,6
没有脚的鱼,我先说,今天会议排满工作太累先吃了哦#大家畅所欲言,2天前 安徽,104,6,68
呸君playdream,毛孩子也有游艇梦！带狗子乘风破浪游city了,"上海的养宠体验又升级了！🥹
上周末我带着我家汪星人🐶
解锁了人生（狗生）新成就——
包！游！艇！游！黄！浦！江！➡️简直泰酷辣！🔥
📍 坐标：白莲泾码头（世博大道上）
🛥 主角：一群小抖抖 + 无敌江景 + 专属游艇
🌞组织方：动感101萌宠游轮嘉年华
✨ 体验感直接拉满！
————————
小狗🐶走秀：时尚确实要从娃娃抓起，带她参加了2次上海时装周，也算是从几个月大就看秀的毛孩子了……这一次游轮走秀是它首秀！穿着高定礼服，像个毯星（走到一半不走了，停在那里各种微笑，任由大家拍照）
🐶毛孩子VIP待遇：一整层宠物游园会（伴手礼～美食～游戏），船上空间超大，狗子可以自由奔跑撒欢，完全不会拘束！无论i 狗还是e狗都有自己的小天地！
🛥️360°无死角江景：吹着江风🌬️，看着两岸的万国建筑博览群和陆家嘴摩天大楼🏙️在眼前缓缓铺开。下午4点半上传，躲过旱暑炎炎，白天是都市画卷，傍晚是金粉世界，夜景更是绝绝子！小狗狗都看呆了，一个个小脑袋转个不停~ 🤩
🧘宠物疗愈&私密奢华感：不用人挤人！专属的游艇空间内，虽然来了百来个毛孩子，但游艇很大，散开后显得很人际距离很舒服～想怎么拍就怎么拍📸，想怎么嗨就怎么嗨！狗子兴奋地跑来跑去……不像赶大集！
🧑‍🤝‍🧑汪星人社交场：毛孩子的江上派对啦！🐕🐩 社交天花板预定！
	
这次是101举办的萌宠嘉年华，虽然毛孩子还没机会登上路易号！但咱们的养宠环境，已经很优越了！期待魔都更好的未来养宠超一线环境！大嘎港对伐！
#宠物旅行 #带上小狗去旅行 #带着宠物去看世界 #动感101 #可爱星推官 #可携带宠物出游",编辑于 07-09 上海,403,215,35
哈妮克孜,🤠,,1天前 浙江,8854,463,432
菲菲包,🤍,,1天前 浙江,388,44,5
潘潘弘毅,中短发低丸子头！,简单非常简单#发型 #编发 #低丸子头,06-22 浙江,832,462,35
Andy一只卷儿,🇫🇷巴黎合伙人在巴黎老佛爷！我磕到了！！！,"这一对哇塞！！哇塞！！！
#巴黎合伙人 #巴黎合伙人路透 #巴黎生活 #巴黎老佛爷 #海外生活 #毕雯珺 #张予曦 #颜安",07-03 法国,1050,128,67
好运来.,助贷+私域获客，单日客资60+‼️,"电销越来越局限了，旧的方法不断被取代，新的方法也在不断涌现。
助贷行业，不求变只能被淘汰‼️
人手一部手机的今天，这种现象也很常见，所以互联网无疑是我们最接近客户的地方。
想知道如何用互联网获客，那么就得去搞清楚：
线上获客应该发些什么内容
为何你发的内容没有吸引来优质客户
怎样才能让客户主动加你
线上获客低成本，快速复制放大的核心是什么❓
有朋友靠这个方法组建了线上小团队，每人单日客资量150+
#线上引流获客                       #私域引流                       #助贷公司                       #销售引流技巧                       #引流获客                       #引流拓客",2天前 湖北,4,3,11
一壹,🐰,爱看蜡笔小新🖍️,编辑于 07-08 浙江,2322,249,93
^WZY.,青春没有售价 天坑一跃而下,这一刻 你化作我的翅膀赋予我下坠的勇气#蹦极 #换个角度看世界 #猴耳天坑大秋千 #张凌赫#张凌赫这一秒过火 #张凌赫樱桃琥珀 #张凌赫蒋峤西 #偶像力量 #应援旗 @张凌赫official,昨天 16:55 贵州,4.7万,2659,1649
布丁🍮PUDDING NIENIE(甜玉米),这！？,"怪不得觉得在哪里见过
好好好
偷偷卖
还有梓渝宝宝鼻子上什么时候和大爸有同款痣了？
猜不到为啥呢？
#栩你渝生 #我有我自己的办法 #大胆爱 #嗑cp #大宝天天见#",编辑于 1天前 浙江,1808,165,220
熵减生活家,2025年南京市少儿阳光体育运动联赛,参加空手道比赛去啦！#青少年运动 #体育精神生命在运动中延续 #体育培训 #全国青少年 #比赛 #运动会 #体育与健康 #体育是最好的教育,2天前 江苏,61,38,评论
Rita,太原荷花,晴光映荷色#荷花摄影,07-11 山西,29,2,评论
梁小鱼,和夏天的合照，绿色很吸绿,#名为夏天的绿色 #绿色大自然 #保持温柔热爱生活 #绿色心情 #绿色生命力 #绿色氛围感 #出门过夏天 #绿色果然是生命的颜色 #满眼绿意盎然 #绿色治愈系,编辑于 06-29 湖北,68,36,1
佑佑a,不用太美，长的干净就好,"通透的肌肤，垂顺的头发，足矣！
氛围感就赢在干净二字
舒服耐看才是王道，松弛感拿捏。
#肤白貌美显气质 #浪漫生活的记录者 #可甜可咸御姐范 #现代女性的美 #今天仍然是自己喜欢的样子 #美是一种感觉 #干净的圈子规律的生活 #舒服的状态 #永远做自己喜欢的样子 #我的美独一份",2天前 江苏,26,5,4
Mable是小绵绵呀！,大象那么可爱，我却只想看她！,"在大象营看到了超可爱的小宝宝，
一个人坐在地上，抓小石头玩着，哈哈哈
我就恨当时怎么没有带个大麻袋呢！
这次陪伴我们的是一大一小两只大象，
小象有点顽皮，时不时要玩玩泥巴~
饲养员就会让大象去管管孩子！
导游小姐姐还带我们看刚出生的小象~
#与野生动物零距离 #保护野生大象
#大象营 #清迈旅游 #泰国",7天前 浙江,3653,255,101
困,📷～,#来拍照了 #有点东西在的 #感觉至上𖦹ࡇ𖦹 #女大,3天前 河北,133,18,10
简桉祎.y,,#不是今天拍的但是今天想发 #女明星 #氛围感头像,3天前 山东,2,1,评论
Tian.,请永远相信煤老板的审美！！！,"外地的朋友如果来太原旅游想去太原植物园，那请看完这篇笔记再决定是否要去
	
自驾导航停车场🅿️就可以，10元一次
	
作为土生土长的山西人，按常规逻辑来说我该以推广的形式向你们宣传这里有多好多好了吧，不是的，虽然有点标题党，但我还是想写一点大家没说过的
	
这里最火的无非就是这片亮灯的星空电梯观景台，如果，你只是为了看这个建筑，只是想拍照，那可以的，票价50，只要喜欢觉得拍照值得，当然没问题，如果是想逛逛植物园，晚上顺便看一下这个的话那就得考虑一下了
	
那几个球里的植物真的不多，很快就可以逛完，可能因为我对这些不感兴趣，感觉很一般，里面有很多馆是需要单独收费的，游览车一人10块（人多的这种）双人的好像68一小时真的贵哎前段时间去的，下午4点多到的，晚上8点多才亮灯，真的是硬生生的等，等的人还超级多，还赶上下雨🌧️晚上亮灯拍照的人就更多了总体来说体验感一般，对我来说去一次不会再去
	
还是欢迎全国各地的盆友来太原玩儿呀，太原隔壁的榆次也有很多好吃的和值得去的地方哦～
	
#太原植物园 #太原旅游攻略 #太原旅行攻略 #太原植物园拍照",06-21 山西,34,9,7
RosyLus,露思早期演技就这么绝了吗,#赵露思 #蓝色生死恋  #赵露思早期,编辑于 4天前 河北,2851,181,134
花花,,阳光、白衫、窗景，还有藏不住的笑意。简单比个 “V”，记录此刻，生活明朗，万物可爱🌼#书卷气的女孩子,07-10 广东,42,27,2
我是叶子,当向佐照镜子,,07-09 中国,422,29,185
张默尧,,私企公积金基数25000，大数据平分低，有没有硬渠道能弄的,3天前 陕西,7,收藏,19
仙儿宁,22岁太短，送自己一场毕业旅行吧！,"恍然发现，大四毕业后的暑假大概是人生zui后一个“自由”的暑假了吧…很多不曾珍惜的时光忽然就变成了美好的回忆
毕业旅行去了厦门，真的是个很安静很美的城市。习惯了快节奏的生活，在海边放空自己真的是很好的放松。
作为一个不爱计划的J人，这场旅行能够愉快且轻松多亏了@圆周旅迹 ！不爱做计划的宝可以试一试～
✨确定好目的地和时间后选择“智能规划”，会根据旅行偏好立刻自动生成旅行日程（p3-p4）。
✨如果需要变化还可以编辑路线，随时调整日程安排。
✨还有我很喜欢的“点💡亮”功能，每一个景点都可以“点💡亮”，记录下自己的心情与感受，旅行结束后回看都能体会到当时的心境（p7-p8）。
毕业后的假期总是弥足珍贵的，快约上未来很难再见的朋友，赴一场山海之约
#毕业旅行 #小红书毕业摄影季 #跟着兴趣去旅行 #圆周旅迹 #1分钟搞定旅行规划 #宝藏APP #以毕业之名出发 #旅行好去出 #大学生毕业旅行 #女大学生",编辑于 6天前 陕西,729,167,79
加加➕➕,,【芦田爱菜】曾经的她也是个爱玩爱撒娇的小女孩。神级演技!!!,编辑于 昨天 21:39 广东,4977,643,143
Ivy讲外呼🍀,突然发现女朋友做电销思路好清晰啊！,"当客户问“最低多少钱？”时：
❌ 错误： 直接报底价（陷入价格战）
✅ 高情商话术： “价格取决于配置和需求匹配度呢！关键得看是否真正解决您的问题、符合您的预算。 不如先说说您的核心需求，我帮您挑最合适的方案？”
👉 核心：转移价格焦点 → 引导需求表达 → 掌握方案主动权
-
当客户说“太贵了！”时：
❌ 错误： “一分钱一分货”（显得说教）
✅ 高情商话术： “价格确实反映价值，但‘贵’或‘便宜’不是绝对标准，关键在于是否‘适合’您当前的诉求。 理性消费，选对的不选贵的，您说对吗？”
👉 核心：接纳情绪 → 重塑价值标准 → 绑定问题解决导向
-
当客户坚持“找领导申请”时：
❌ 错误： “我去试试”（被动且示弱）
✅ 高情商话术： “王总，看得出您很专业！如果您心里有预期价位，不妨坦诚告知。 能成就皆大欢喜；不成，也当交个朋友！我敢承诺：您若找到同质低价，我立刻退出！”
👉 核心：反将一军，引导亮底牌 + 品质自信承诺。
-
当客户质疑“价格最低吗？”时：
❌ 错误： “绝对最低”（苍白无力）
✅ 高情商话术： “王总，谈到这份上还藏着掖着，您拉黑我都应该！ 现在市场这么卷，我怎会坚持高价把您推给对手？价格绝对透明公道，您放一百个心！”
👉 核心：强势承诺+竞争环境暗示，建立信任背书。
-
技巧本质剖析
这套话术的精髓在于：​用心理博弈替代对抗，通过三步实现破局：
①​情绪疏导​：先接纳客户感受，降低防御心理
​②认知重构​：将价格争议转化为需求匹配度讨论
​③主动引导​：用专业姿态把控节奏，推动共识
真正的销冠都懂：客户压价是表象，深层需求是害怕吃亏和渴望被重视。当你能同时满足这两点心理诉求时，成交自然水到渠成
#电销#销售#电销人#外呼#电销话术#外呼系统",2天前 湖北,704,410,13
Cccc,我想和你赏最美的风景 看最长的电影,"好想陪你到下一个26年🥺🥺🥺
#蔡依林Jolin #幸福就在下一个转角 #在亿万人海相遇 #对你怎么可能轻描淡写 #蔡依林",2天前 江苏,196,30,9
ZHOUZHOU,江浙staycation|七月进山吸氧🌳,"周末度假 和姐妹逃离喧嚣
酒店面朝大山⛰️ 很适合喜木之人
有个特色登云梯，藏在悬崖峭壁之中
到山顶可以欣赏丹霞地貌 风景很好
安岚值得探索的地方还是很多
	
室外双泳池，红酒吧，雪茄吧，影院ktv，峡谷徒步，马场，云疗sap，可以预约疗愈，香薰课
早餐很丰富 口味也清淡 喜欢他家炒年糕
里面有很多儿童场所，适合一家人出游
#一起进山吸氧
#周末避世计划
#小众避世酒店
#住进森林里",2天前 浙江,364,102,7
茂健,,债务重组怎样申请？？,2天前 马来西亚,2,10,21
国央企程主任,提拔成为国企中层，是毁掉一个人的开始,"加班到深夜，电梯里遇见同样晚走的实习生，对方怯生生问：“领导，您每天都这么拼吗？”你扯了扯皱巴巴的衬衫领口，想说“其实是身不由己”，话到嘴边却成了“习惯了”。
这大概就是中层的日常：像被夹在齿轮间的轴承，对上要咬着牙接住那些“必须完成”的指标，哪怕心里清楚其中的不合理；对下要压着情绪化解团队的怨怼，哪怕自己刚在办公室挨了批。桌上的绿植换了几茬，抽屉里的降压药却从备着变成了常吃。
项目落地那天，庆功酒敬了一轮又一轮，领导被围着说“高瞻远瞩”，你默默把最后一份收尾报告发进群里；方案出纰漏时，会议室里最先被点到名的是你，“协调不力”“把控不严”的帽子一顶顶压下来，连解释都显得像推卸责任。
你渐渐成了同事眼里“永远在线的传话筒”，是领导口中“能扛事的自己人”，却再没机会像从前那样，安安静静做一份自己满意的专业报告。
最熬人的不是体力透支，是心里的拧巴。想对下属松松手，又怕上面说“管理太松”；想跟领导争个道理，又怕落个“不服从安排”的名声。夜里躺床上，脑子里不是没处理完的OA审批单，就是明天要调解的矛盾，连做梦都在回答上级问询。
可偶尔也有瞬间让你心软：那个总抱怨“指标太重”的老员工，悄悄帮你分担了本该你做的报表；那个总催你“快点推进”的领导，在你请假陪孩子看病时，破天荒说了句“先把家里事处理好”。这些细碎的暖，像冬天里的热水袋，让你皱着眉又挺过了一个月。
所以被问“后悔吗”，你多半会沉默——那些被磋磨的日子，像鞋子里的沙，硌得人难受，却也让人一步步踩得更稳。只是别忘了，在做那个“能扛事的中层”之前，先做那个会给自己倒杯热水、说句“辛苦了”的普通人。
#国企 #国企中层 #国企职场日常 #国企打工人 #我的职场感悟 #职场 #晋升",7天前 云南,312,175,222
俏佳人xxx,刚才是地震吗广州,我吃着饭呢  以为有火车来撞我家,06-23 广东,2.9万,1106,6681
白小白0.0,绿茵场🌳 是我最爱的盛夏☀️,"球拍在手🎾 不怕热浪🔥
鸭梨🍐 烦恼😣 班味💻统统走开叭〰️
这周的四天打了六个小时😂 终于让发球稍微稳定下来了一点💪🏻 等待教练检验中🥹…
🧢：Lacoste
👗：AngelSeason
🧦：IN SPORT
🧽：IN SPORT
👟：On #网球热土 #网瘾是网球的网 #网球  #网球女孩 #网球穿搭 #武汉网球 #走啊打球去 #网球尖子生  #见人不如打球  #好好运动记录大赛  #100天运动打卡挑战  #运动万粉助力计划",2天前 湖北,169,22,6
白鸟不栖息,反差这一块/.,"其实是翻到了自己去年（2024年3月 的桌面哈哈
当时也很用心地布置桌面 但是跟现在（照片是今年5月的 比真的差了好多 可能这就是成长吧（爆如改
主包之前属性很杂（基本上都是好感 有没有人猜猜都是谁
#慕攸所依 #莱依拉梦女 #原神 #成长 #桌面布置 #转场 #主打就是一个反差 #不就反差吗这题我熟 #反差这题我会 #成长就是一次爆改",06-27 北京,995,17,65
言.,,现在小企业发展真不容易，找银行贷款批也批不下来，中介也没有靠谱的～有推荐的么～,2天前 北京,10,2,37
LunarJiaXi_,178女大学生｜毕业后的生活真的是我想要的吗,"致即将要步入大学的高考生们～
刚走出校园 我已经开始怀念在校园里的生活了🌱
这组照片来自遥远的2022年 那时的我才大一
对未来抱有无限憧憬
那些曾经被我抱怨的早课、小组作业和食堂饭菜
如今想来竟成了奢侈
职场和校园是两种截然不同的时区
在这里，没有人会为你的错误耐心讲解第二遍
没有""期中预警""提醒你查漏补缺
当加班成为常态，
我才懂得能自由选择午后在草坪发呆的日子多么珍贵。
大学里最宝贵的从来不是知识本身
而是允许你试错的宽容环境
选修课挂科可以重修
就连荒唐的恋爱都是被默许的青春特权
建议你们：多去看看世界 感受自然 与朋友放松…
这些碎片会在未来某个加班的深夜，突然成为照亮疲惫的光
成年人的世界没有""补考""，但大学永远允许你重来～🌷
#我可以是任何样子 #大学毕业 #去爱具体的生活 #喜欢当下的自己 #我永远明媚且自由 #没有定义才是青春",编辑于 06-27 北京,2230,498,172
小红薯682E1C46,00后大学生/沉浸式创业,来看看大学生毕业创业的一天都在干嘛！上午起床后就收拾收拾马不停蹄的去郑州的一个银基动物王国玩，里边确实挺好玩的哈哈，安利一下，然后晚上刚到家就跟朋友一起吃点烧烤，聊聊天，不得不说，夏天真的绝配哈哈，但是这家的味道一般，晚上到家打会游戏，结果来了这么多人，00后还是改不了爱玩的毛病！#裸辞创业 #创业 #创业日常 #创业分享 #辞职创业 #创业日记 #创业坦白局 #零零后创业男孩 #小白创业 #大学生创业,6天前 河南,9,2,2
🧸,在太原植物园逛出了“环球旅行”感,"🌵地点：太原植物园🌵
详细地址：山西省太原市晋源区-晋源街道太谷路与晋阳大道交叉口
🚗交通路线🚗
打车和公交车都很方便，还能自驾🚗，就是需要注意太原有时小车限行限号‼️
🚌公交：
🪴直达公交308路【总耗时1小时28分】：
始发站：火车站（首6:00末7:50）到晋阳大道唐城街口（太原植物园）站下车-步行51米到达终点站太原植物园
🌷推荐公交路线611路/308路【总耗时1小时31分】
611路:建设南路并州东街口站上车-大南门（同站换乘）-乘坐308路到晋阳大道唐城街口（太原植物园）下车-步行51米到达植物园
🚗驾车/🚖打车：
大约22公里（28分钟左右）
打车花费：23元左右
🚇地铁【总耗时52分钟左右】：
到太原站西广场站（C口）乘坐地铁1号线-下元站（B口）下车-再打车约13.3公里（需耗时21分钟左右）-到达植物园
🎫门票价格以及购票方式：
	
* 旺季（4月1日至10月31日）：全价票50元/人，半价票25元/人
* 淡季（11月1日至次年3月31日）：全价票30元/人，半价票15元/人
优惠政策：
* 半价优惠对象：6周岁（不含6周岁）至18周岁（含18周岁）未成年人、全日制大学本科及以下学历学生、现役军人家属，凭合法有效证件原件可享受半价优惠
	
入园时间⌛️
旺季（4月1日至10月31日）
* 开园时间：09:00
* 停止检票时间：17:00
* 闭园时间：19:00
淡季（11月1日至次年3月31日）
* 开园时间：09:00
* 停止检票时间：16:00
闭园时间：18:00
🎈2025盛夏独有限定!错过等一年
发光气球展(7.10-8.31)
·海洋区:发光水母群+海绵宝宝打卡点，手机开夜景模式秒变迪士尼!
·森林区:狮子王装置+童话葡萄架，带娃互动感拉满。
·隐藏福利:集章手册换限定明信片(标本馆服务台)。
🌸赏花夜场延长(至10.31)
温室闭馆延长至19:00!
	
#植物园",编辑于 5天前 山西,24,17,评论
1,,7.6,4天前 浙江,1231,168,42
火宣文化,每开一场就结婚一次！,#小沈阳演唱会 #都要好好的,07-02 浙江,773,61,174
麻瓜,,#漂亮姐姐,06-24 湖北,239,45,15
番茄🍅炒鸡蛋,🌷舞蹈生の卧室小剧场｜把练功房的快乐搬回家,"今天把芭蕾纱裙+足尖鞋偷回家，
在飘窗上铺块瑜伽垫，
就是我的私人舞台✨
📸自拍小心机：
❶ 把手机架在落地灯上（45°俯拍显腿长！）
❷ 打开蓝牙音箱循环《吉赛尔》选段
❸ 抓拍转圈时的裙摆飞扬瞬间
❹ 后期加「柔光滤镜+颗粒感」秒变电影截图
💃舞蹈生の快乐清单：
✔️ 足尖鞋踩地板的哒哒声（解压神器！）
✔️ 对着镜子纠正动作时突然笑场
✔️ 发现纱裙和窗帘是同色系
✔️ 拍完瘫在瑜伽垫上吃冰淇淋🍦
📌穿搭Tips：
▫️练功服选莫兰迪色系更出片
▫️发带和袜子同色系呼应
▫️裸色系舞鞋视觉延长腿型",编辑于 07-09 浙江,580,140,3
一只饺子肉,独属于蓝色的清冷感,夏天好适合蓝色！感觉带来了一丝清凉哈哈哈哈蓝色汉服配和ccd真的太配了清冷感拉满！！#自带清冷感 #汉服 #蓝色系,07-07 浙江,419,143,7
青木鱼,晚安,"一波前两天的库存
下次再来就不知道是什么时候啦
晚安
#分享 #晚安 #CCD #live图 #日常",编辑于 06-26 山东,767,129,14
跃金,我在日本公司找到了自己的价值,"这次回金泽本部主要是为了谈转正以后的工资。
	
谈工资很顺利，不管是人事还是社长的态度，都给予了让我想要当场流泪程度的尊重和认可。
	
回东京前去办公室和会长打了个招呼，我说我要回东京了，今天没能和你聊天我很遗憾，我觉得每次和你聊天都能学到好多东西。
	
会长正在和市场部部长开小会，他说你等我两分钟，然后过了会儿走出来说，走，我开车带你在金泽逛逛。
	
然后他就开车带我去了金泽最有名的兼六园，路上我们聊迪拜和新加坡的业务，我说了很多我对公司目前一些业务和未来发展的想法，有时候说的是从外国人角度才能看到的问题，他就一直很认真听。
	
路上遇到会长认识的人，问我是不是会长的孙女，他说这位是中国来的，頭がたいへんいいAさん（超级聪明的A桑）。我笑了笑重复他的话说たいへんいいですか？（超级聪明吗？）
	
会长其实最近生病了，但是后天就要飞迪拜，直飞也要花9个小时，我说你一定要照顾好自己的身体啊，迪拜气温都快50度了，保重好身体要紧。
	
他说没事，他觉得能够一直做自己喜欢的商业，过精彩的人生，这一生实在是已经太幸福了。
	
#东京 #社畜",07-03 日本,6698,1013,459
愿望,ovo,,6天前 江苏,305,53,30
拾柒的,,,2小时前 重庆,25,2,2
一碗味增,谁说美女一定要白？,"黑着一样好看
#黄黑皮 #黑皮 #黄黑皮妆容 #黄黑皮",07-04 广东,1.3万,1028,1752
小红薯68698BDF,宝宝这20秒休息一下吧,@在下悟空是也 #在下悟空是也,昨天 14:47 广东,6974,201,48
Chris_子也,"Weekend time,drinking to enjoy!","今日不开车
给自己放个假 大玩儿一场
打杯漂亮酒
在广场音乐会享受蓝调时刻
如果逃离不了城市
那就把周末交给SKP
#成都SKP #成都SKP夏食纪#微醺#晚宴#落入快乐的微醺时刻 #小红书时装周群聊",编辑于 5天前 四川,190,41,16
媛子,助贷销售，狗都不干,"干！狗不干，我干！干的就是助贷行业
就喜欢已读不回，随时被放鸽子，心态忽上忽下的感觉！#销售人销售魂 #我已到岗在线上班",3天前 北京,21,1,40
汪猩星,随机@一个人让她感到莫名其妙,#汪猩星 #搞笑 #抽象 #精神状态,昨天 17:33 重庆,3695,282,3140
蛋仔闹钟酱,竟然没人注意到他俩的追捕者爱心❗都是蓝色❗,#蛋仔派对 #蛋仔奇思妙想计划 #蛋仔派对逃出惊魂夜,昨天 20:03 安徽,4548,2797,510
小雨大王,,想要超自然陪陪，取低（想要幽默点的）#超自然陪玩,昨天 02:18 宁夏,7,1,11
小红薯646060D0,,周未来逛逛灵石头,7天前 四川,5,2,1
西兰花大王🥦,一招制裁喜欢开船的船长,#蛋仔派对 #蛋仔派对逃出惊魂夜 #蛋仔奇思妙想计划 #蛋仔岛夏日纪录#蛋仔小剧场 #蛋仔全明星大乱碰,昨天 17:05 云南,1888,879,133
苹果的桃子,周末玩水！杭州居然藏着这样的宝藏乐园🌴,"杭州发现超好玩的玩水仙地——金沙戏水湘湖沙滩公园！
就在📍湘湖眉山路508号，占地110多亩，简直是快乐星球本球🌍！
34000多平的沙滩和7000多平的泳池，沙细水净，一脚踩下去超治愈～
水上卡丁船一定要冲！
把陆地卡丁车的刺激搬到水面，风驰电掣间水花四溅💦
速度与激情拉满，妥妥的新晋顶流项目！🏄‍♀️
丛林游艺区超绝🌳，以自然丛林为背景，探险、运动、休闲全搞定，像闯进了童话里的秘境！
附近靠着湘湖的沙滩，场景超丰富，夏令营、拓展活动氛围感直接拿捏～✌🏻️
游艺广场更是童话世界！森林小火车🚞、旋转木马🎠、空中巴士🚌、梦幻独角兽🦄
沉浸式童话场景，亲子、闺蜜、情侣来玩都超！出！片！📸
‼️夏天必冲水上卡丁船和水上乐园泳池，清凉又刺激～
在这里玩一整天都不腻！
#金沙戏水湘湖沙滩公园#杭州水上乐园#杭州夏天玩水好去处#杭州游玩 #亲子乐园 #团建好去处 #周末去哪儿#泳装#泳衣#比基尼#海边#泳池",编辑于 3天前 浙江,180,37,29
破产女孩💸,,00年25岁，你们有孩子了吗#当代年轻人的现焦虑不安 #零零后的压力 #一起来讨论 #年龄 #焦虑 #无压力消费 #当代年轻人的状态 #今日坦白局 #年轻人带娃 #当代人现状,07-10 江西,592,140,3510
意酒(只有周末在),,有没有1元一局或者1小时8元以下的超自然陪？#超自然陪玩 #超自然行动组陪,2天前 湖南,7,收藏,43
summerあ晴天,我真的需要一张四川的流量卡！,"我是个大学生，众所周知，大学生是最穷的，每个月只有1500的生活费，想要一张便宜点儿的流量卡，已经被骗过了，骗子请放过我好吗
#校园流量卡 #大流量 #流量卡 #运营商",2小时前 四川,点赞,收藏,5
JIKE,说一下嘉兴的月薪，禁止吹牛！,说一下嘉兴的月薪#薪资待遇#上班的好处#月薪#现在的年轻人#适合年轻人的工作#放下年轻人,2天前 浙江,113,48,588
小微不吃云云,这个视频都是紫悦的有谁和我一样喜欢紫悦的,#请用你现有的文化描述一下此景,4天前 广东,9,7,5
疯咪,,征信有瑕疵的靠谱DK离不开靠谱的中介 #靠谱 #咨询 #靠谱最重要 #昆明#助贷 #不懂就问有问必笞,6天前 云南,3,2,11
叫我吕大格,女司机出没,"开快车选手逐渐野化
川西风景优美，又没什么公共交通
所以适合自驾，并不是因为路况好
离开主路后，路况复杂的很
道路狭窄弯弯绕绕，牛和羊拥有绝对优先权
大卡车超车，超慢速选手，骑自行车的人
也经常在你死我亡路碰到对面来车🚗
这还算好的
双向两车道，我正常行驶，看到迎面一辆对着我开的车，因为他在超车。你感觉这个车他是非超不可，我看到他脸上写着和我同归于尽。
我踩了刹车，他在离我不到五十米的地方超车成功！
-
一年n度川西自驾的日子，按这个频率
过不来多久，就会成为成都租车公司vip
这次租到心心念的牧马人，只是这配色不符合我多巴胺口味
趟水爬山，今天的目的地是看冰川
有很险恶的越野路段，看到路边的车，我停了下来
福特皮卡车队经过我车窗，询问后一脚油hang的走了
最后还是一闪而过的五菱宏光给了我勇气
一路摇摆到终点
漫山大雾还下雨，毛儿都没得
但也没白来，愣是在4000海拔吃了顿牦牛肉串儿
-
#开进山喘口气 #自驾探索编辑部 #川西 #川西自驾 #川西穿搭 #户外 #户外穿搭#自驾  #徒步穿搭 #牧马人 #女司机 @汽车薯",编辑于 06-24 北京,1291,208,221
摄影师-贾轩,近期拍的一些电影感照片～,#高级审美感 #一张照片高级感 #情绪肖像 #时尚摄影#绝对肖像,编辑于 07-08 陕西,881,367,62
Fintert,,#超自然行动 牵手开馆一小时来个陪 最好可以开麦 带价,昨天 12:16 辽宁,5,收藏,14
Fion,🇲🇾🍑📦”淘宝开箱”,"淘宝好物分享 我选择了rmb199包邮(海运) 等了差不多两个礼拜 这些都是被妹妹种草的
①有棵树旗舰店🧦
买了白色灰色和黑色, 各两双
② NELY 小尼力👕
我妹妹买了无数件他们家的T恤 质量很好 白色也不会透 这个价格就不用多说了
*搭配tips: 想要比较温柔可以搭白色长裙 / 想要酷一点可以搭牛仔长裤
	
#购物分享 #淘宝好物分享 #评价好物 #淘宝开箱 #袜子推荐 #T恤推荐 #评价T恤 #拆快递 #淘宝店铺 #nely小尼力",编辑于 昨天 00:23 马来西亚,217,96,10
世界是个大源圈,导演是你吗导演,#大宝天天见 #糖郎和蛇夫 #梓渝 #吴所谓,编辑于 1小时前 山东,216,8,4
legacy,超级漂亮的一只小猫啊🥰,"7.13 摇滚浮士德sd
#zgyyj #张泽Echo #摇滚浮士德 #艾扣",编辑于 6天前 浙江,7,收藏,评论
陈思炜-求职发展导师,5年以后你会感谢自己留在金融,"近两年整个金融圈降薪、人员优化的消息满天飞。
	
我经常能收到学生的私信，问我是不是该跑路了，金融是不是不行了。
	
每次看到这种问题，我都想说，如果你只盯着眼前这点工资和奖金，那你确实可以走了，去考个编可能更适合你。
	
但如果你真的想在这个行业里成事，那么记住我的话：五年之后，你会无比感谢今天选择“苟住”的自己。
	
为什么？因为你们根本没搞懂金融从业者价值成长的核心逻辑。
	
这个行业的收入，从来就不是一条平滑向上的直线，它必然是跟着经济周期剧烈波动的。牛市的时候，项目多到做不完。但那种时候你积累的是什么？是酒肉朋友，是锦上添花的关系。而现在，市场下行，大浪淘沙，这恰恰是让你积累最核心、最宝贵资产的黄金窗口期。
	
第一，你积累的是“患难之交”式的人脉。我有个学生在投行，前阵子帮一家快要倒闭的客户，硬是做出了一套债务重组方案，拉来了一笔救命的过桥贷款。那个企业老板后来对他说：“小伙子，以后你就是我亲兄弟。”
	
这种在危难时刻建立起来的信任，是你牛市里请客吃饭一百次都换不来的。这才是你未来职业生涯最坚实的靠山。当别人都在恐慌出逃时，你利用自己的专业能力，帮别人渡过难关，这份情谊的价值，千金不换。
	
第二，你获得的是“压力测试”后的真知灼见。只有退潮的时候，才知道谁在裸泳。经济好的时候，很多商业模式的漏洞都被繁荣掩盖了。现在，哪些公司有真正的护城河，哪些行业能穿越周期，你看得一清二楚。
	
这种用真金白银换来的认知，比你看一百份研报都来得深刻。这些洞察力，是下一轮周期来临时，你进行职业选择的依据。
	
第三，你锤炼的是解决复杂问题的稀缺能力。顺风顺水的项目做十个，也不如逆风翻盘做一个。下行期处理的业务，无论是债务重组、困境并购，其复杂度和挑战性都远超从前。这个过程虽然痛苦，但它会逼着你成为一个真正的专家，一个能解决棘手问题的关键人物。
	
所以，短期的收入下降，恰恰是让你把目光从“赚钱”转移到“值钱”上来的机会。别人恐慌性出逃，你选择坚守，积累人脉、磨练眼光、提升能力。等到经济周期回暖，你会发现，那些曾经和你站在同一起跑线上的人，早已被远远甩在身后。这，就是战略。",2天前 上海,1564,987,238
美梅y,爸爸的雷达,#你们都是我的翅膀 #智慧的火花 #当然要记录啊 #我的质感出片指南 #小红书视频创作激励计划,7天前 四川,3,2,2
一起浪票务,新消息：8月起新疆机票狂跌!无机建燃油!!,"宝子们一定要听劝啊🙏7 月到 10 月这段时间新疆机票✈️，价格高达好几千的那种，可千万要慎重入手啊！！绝对不要提前买❌
偷偷透露给你🤫，特价机票是真的能够买到的哦，并且价格超级便宜！
用这个方法购买机票，不但无需支付机建燃油费，还能省下 300 到 800 元不等呢！
以下城市为部分航线：
广州往返乌鲁木齐
北京往返乌鲁木齐
昆明往返乌鲁木齐
合肥往返乌鲁木齐
西安往返乌鲁木齐
昆明往返乌鲁木齐
郑州往返乌鲁木齐
济南往返乌鲁木齐
上海往返乌鲁木齐
深圳往返乌鲁木齐
武汉往返乌鲁木齐
长沙往返乌鲁木齐
北京往返乌鲁木齐
杭州往返乌鲁木齐
成都往返乌魯木齐
重庆往返乌鲁木齐
…… 等等城市~
其他航线也可以哟。
只需告知：时间十行程，特价机票买到手软✈️
#机票 #机票省钱攻略 #旅游 #暑假 #说走就走  #机票怎么买便宜 #旅行  #周末去哪儿 #坐飞机 #乌鲁木齐 #新疆旅游",昨天 18:55 重庆,26,17,58
美人赋ll,,献给…龙神？怎么还是两个！！！#大宋制片厂 #逆水寒手游 #短剧推荐,06-26 江苏,3027,2151,41
糖悠悠,辛辛苦苦一个月，不够别人一顿饭,"原来我这一个月
连别人一顿饭都比不上啊😫⊙﹏⊙
#不说了挣钱去了 #工资 #打工人#发工资了",4天前 河南,477,77,1258
亦时书,,用镜头截取光阴，把瞬间酿成永恒#风景里的民宿 #古村落拍照 #住进大山里,2天前 福建,1,收藏,评论
顺子Samuel,,📸 𝗖𝗵𝗲𝗰𝗸 𝗶𝗻 𝗺𝘆 𝗻𝗲𝘄 𝗽𝗶𝗰𝘀! ✨,3天前 马尔代夫,3184,73,488
白丝土豆,,冷知识：云南大学可以直接在上海落户，享受相关政策，云南大学也是好起来了，能跟c9排一块#去外地上大学 #落户 #云南大学#新生录取,2天前 重庆,2462,783,727
日风台,,#下饭神剧 #小红书兴趣季 #小红盒,2天前 辽宁,12,6,评论
鑫禾舞美舞台设备租赁-搭建-技术服务商,万人狂欢背后的48小时，1W人演唱会幕后幕后,凌晨3点的奥体中心﻿#演唱会幕后﻿ ﻿#演唱会搭建﻿ ﻿#宁波奥体中心演唱会﻿ ﻿#演唱会预算﻿ ﻿#舞台搭建公司﻿ ﻿#鑫禾舞美,3天前 浙江,点赞,收藏,评论
萧小五（想阿灿版,金河往事 焚心 反骨都🟰恋陪,"杉合
7.19如故🟰连
7.27金河往事🟰缇娜带颂帕
8.16东华🟰1男
8.17焚心🟰纪隐落 江方野
ig
7.20在河之洲🟰女李
海棠岛
7.25再见黎明🟰秦 卫
万游
7.24此去🟰阎萌萌 云迪
8.3孽障🟰云思玄
8.24反骨🟰涂林 明镜",3天前 北京,4,收藏,评论
嘎啊,晋祠南宋的时候,"弥补了南宋人没去过晋祠的遗憾😯着急忙慌梳完头出门之后才发现没戴臂钏的怨种！
	
晋祠好多人啊好多好多人啊…​晋祠公园好大好大，感觉有太阳的时候会很漂亮，下次再来。​晋祠博物馆很精彩，北宋的塑像好漂亮，感觉里面随便一个什么东西的岁数都比我大。
​天龙山上石窟里的佛像大多被盗了，近几年也找回来了一些，眉眼雕得都很传神。山上风好大，冷…
	
#晋祠 #天龙山 #汉服 #宋制汉服 #宋背心 #宋制两片裙 #南宋 #地上古建看山西 #一眼千年晋在眼前 #古建筑",06-27 山西,29,2,10
🥔夹丝饼,不说真心话怎么为你大冒险,#短发 #如果你决定跟随感觉,4天前 重庆,760,218,19
never,,晋祠景区仁智阁的章子太好看啦#晋祠盖章攻略 #十个勤天太原演唱会#晋祠仁智阁文创店盖章,7天前 山西,9,2,10
酸奶很甜,她被骗480万USDT，第一时间报了警，结果……,"“我被骗了，要不要报警？”
“报警是不是也没用，警察又不懂虚拟币。”
“听说有人报了警，结果就是一纸回执？”
你可能也听说过——
有人被骗报了警，结果钱也没追回，骗子也没抓到，
反而浪费了时间、精力、希望。
但我们要告诉你：
✅ 报警不是万能的，但是必须的！
关键不是“要不要报”，而是你**“怎么报、什么时候报、报给谁”。**
📉 一个典型案例：
受害者在某假投资平台被骗480万USDT，
第一时间冲去派出所报警，对方只回复一句：
“你这个我们不懂，你找网络警察吧。”
她一度以为彻底没救了。
直到我们帮她重新整理了证据链条、链上资产流向图、涉案地址说明，
并指导她将案件提交至刑侦大队，才开始立案走协查流程。
最后案件被列为跨境重大诈骗协查目标，
目前部分资产已被海外交易所配合冻结中。
🕵️‍♂️ 为什么你不能放弃报警？
1️⃣ 报警是进入司法协查程序的唯一入口
→ 没有报案编号，无法申请资产冻结、国际协查、平台配合
2️⃣ 资产冻结必须“先报案再行动”
→ USDT等资产在交易所或链上节点被发现，若无报案材料，平台无权冻结
3️⃣ 不是每个警察不懂虚拟币，有的单位专门在办这种案子！
→ 关键是：你要找对地方、说对方式、交对资料
📌 最容易被忽略的几个关键误区：
🚫 误区一：“我不知道骗子是谁，没法报。”
→ 错！只要你有转账记录、聊天截图、App信息，就能构成报案基础
🚫 误区二：“派出所说不归他们管。”
→ 对！这类案子通常要提交给经侦、网安或刑侦队伍，甚至由市级统筹
🚫 误区三：“现在资产已经被转走了，报警也没用了。”
→ 大错特错！链上的资产流向都能查，冻结只能发生在转账发生之后
✅ 正确的报警流程建议：
🧾 准备材料：
转账记录（USDT/ETH/TRX等链上截图）
聊天记录（完整对话+时间节点）
操作视频（如何被骗、如何转账）
平台信息（App名称、网址、客服ID）
涉案金额说明（初始金额+损失计算）
自述笔录（简明扼要、逻辑清晰）
📍 报案地点：
当地派出所先报立案备案
请求上报市局经侦/网安部门
跨国案件可通过刑侦+外事+国际协查途径处理
📤 报案后：
获取报案回执编号
配合司法团队准备技术协查资料
若资金尚在交易所或链上节点，有望申请司法冻结
报警不是结局，而是追回资产的起点。
真正能追回钱的，是“报警+证据+技术+协查”四位一体。#反网络诈骗 #坚决打击犯罪 #反电信诈骗 #增强防范意识谨防上当受骗",07-04 广东,352,275,222
天才qq🌟,重生之我在小鹏……,#我爱工作工作使我快乐 #小鹏汽车 #互联网大厂,06-30 广东,14,收藏,3
里 予,我惊呆了！！！！！！,#顺恨#田栩宁 #池騁 我立刻脑补出一部《顺恨》前篇啊啊啊啊啊啊三个人怎么这么嫩啊啊啊啊,3天前 河北,9840,996,581
晓麦同学,🇭🇰忙碌的生活，适当放松自己,#香港生活 #超跑 #放慢节奏享受生活 #颜值高的车 #兰博基尼 #香港打卡,3天前 中国香港,1669,145,263
罗永浩,周末休闲时光……,#休闲时的快乐 #生活多点欢乐 #休闲时刻开心点 #生活充满乐趣 #忙里偷个闲 #开启周末模式 #闲暇之余的快乐 #偷得浮生半时闲 #周末愉快 #悠闲的下午,昨天 14:57 上海,779,9,268
这里不让睡觉,大家旅行是为了体验感还是出片？,"真心很佩服出片的人，但是不会再考虑和“出片姐”一起旅行了[泪崩R]跟朋友来青甘大环线，我知道她爱拍照，但是我觉得太疯狂了，在这次旅行中特别明显。来这里三天了，我每天都想回家。平时她都在我们所在的城市拍一些小打卡点，这次花了六千报团，她说一定要出片我是理解的，毕竟西北这边风景真的很美。
问题在飞机上就开始出现了，我们都是第一次坐飞机，她一直让我给她各种拍，座位在过道，趁空乘不在客舱的间隙，站起来拍照，要求坐在窗边的人帮拍飞机窗外的照片。落地西宁，入住酒店已经十一点半了，她还要拍酒店的浴巾照。我有点不舒服，给她拍到十二点我就简单洗洗睡觉。这几天在车上就修图，进景区就全程拍，她根本不看景色，整体看一眼觉得哪里更出片，就使劲拍到司机都开始催我们出景区赶下一个行程。三天迟到五次，同行的团员挺有意见的
	
这些我也不说了，但是拍照真的很累，也没时间真的逛一逛，她一直凹各种动作，帮她拍了三天发现基本都是流水动作，但是她又很不满意，总觉得差点意思就继续拍。我会把她拍稍微小一点，人在景中游的感觉，但是她明确她不需要景色，她只需要一点背景，她要居中，凸显人物。因此她拍完了就放大看自己每一个细节，不满意就老是说“我就不信不出片！”还有就是为了拍照，在车上随时换衣服，同行的人基本都是陌生人，她让我帮她拿外套挡一挡座位就直接当一车人的面换衣服，然后化妆，进景区又是一顿拍[泪崩R][泪崩R]我真的体验感特别差特别差，我提醒她不要那么苛刻，来了三天相机里没有一张风景照，她要发朋友圈就来小红书拿别人拍好的风景图，配上她满意的个人照片。
太累了，真的太累了，佩服那些做摄影的人，爱拍照的人，能量很强。但是我以后不会考虑和出片狂一起旅行，也许她也觉得我这方面很无趣吧。每天打开行程单，今天还没真正结束，后面还有四天。旅行团本身也有一些问题出现分歧，加上朋友追求出片，长途车程的劳累，让我整个人的体验感不好，度日如年，想回家[泪崩R][泪崩R]",07-09 青海,1万,1171,4934
热奶宝吃不够,竟然是国外的分行…,"看到这张图的下意识 为国内的银行从业者感到高兴
后面看评论区说是澳洲的分行…
	
我想起了之前带教说的一句话
国内的银行早已不是金融业 而是服务业
一阵唏嘘…
	
想起了之前在🇸🇬银行 工作人员加班到九点
也全程耐心的帮我办理好了业务
	
在新加坡 服务行业不代表就是要点头哈腰
法律规定 哪怕你对马路上的安保语言攻击
也算违法 原来任何人之间可以如此地平等
	
我在银行实习过 见到态度恶劣不在少数
有的因为系统限额而在大堂撒泼大叫
有的因为理财亏损对客户经理人身攻击
面对这种情况 自身难保
谁还有额外的精力去同情你的苦难
	
✅✅✅被暖心到的银行小事
我在工行🇸🇬新加坡榜鹅分行办卡
我从早上七点半开始排队办卡
上班之前银行就排了上百个人
大家基本上都是交学费的留学生
而我因为钱包丢了所以更迫切需要一张银行卡
我的排号是84号 按规矩当天是不可能拿到卡的
	
然而那天我一直到晚上九点才结束离开（正常五六点下班）
也顺利拿了卡
全程服务人员是一个很温柔的姐姐
淡雅的妆容干净的衬衫合身的包臀裙顺滑的头发
她听到我的经历 主动和我说 她愿意加班为我办理
就是需要我等到晚上 当时瞬间被感动了到 
	
毕竟一个人在国外 无依无靠 没💰包更是寸步难行
陌生人的温暖让我不再觉得自己悲惨
拿到卡之后 她说请你去找我的同事（colleague）
让她教你卡的流程 我第一反应是大堂助理
结果一看竟然是在站岗的保安姐姐
她后面很耐心专业的教会了流程
	
让我触动的是 明明""保安""更能表明她的身份
她却温柔的选择了另外一个更平等的称呼
	
🙏🏻🙏🏻🙏🏻
多希望服务型人员不要成为私人情绪的宣泄桶
多希望这个世界因为善意 心情指数更愉悦
希望人更有人权❤️
	
#新加坡留学生 #银行 #金融行业 #银行工作 #真让我大开眼界了 #银行人的日常 #工行",编辑于 07-09 安徽,2750,283,450
是超咸不是超闲,再看一眼有过的幸福,存一个没被选上的视频#每一帧都是回忆,1小时前 贵州,1,收藏,1
广岛蔷薇,🎀,全体起立，听我指挥，裤衩子全给我套头上#沙耶之歌,1天前 甘肃,2094,156,38
田子吖,It’s beautiful ．It's loved,#美是一种感觉,6天前 江西,6,1,评论
职场店小二,上海市直gwy薪资待遇,声明：分享均收集于粉丝和朋友，同门，各省份各市乃至各县均存在差异，不保证此工资为当地的唯一工资标准。如若与您的现有工资不符，请理性看待，欢迎评论，让大家能得到更多准确消息。分享薪资也是帮助大家认识各行各业的待遇水平，后续我也会继续收集更多投稿，让各地区工资待遇更加全面准确。#薪资待遇#上海薪资,07-11 河北,1490,920,592
苏苏,,超自然有没有大剑单，不出大剑一直打的，取低致歉,1天前 湖南,6,收藏,88
智姐带您逛北京,我居然不认识黄仁勋,"中午带客人去吃方砖胡同炸酱面，客人去星巴克了，我帮他们排队，突然看到餐厅里呼啦啦一群人出来了，旁边的年轻人赶紧去拍照，我以为是哪个明星，后来照片里的小伙告诉他是美籍华人的有钱人。巧的是我今天带的也是美籍华人Peter一家，他在苹果工作。我想他们肯定认识这个人。
等我见到Peter，给他看照片，他后悔的拍大腿，错失了拍照的机会，说这个人的公司比苹果、谷歌任何一家公司还厉害，现在Ai公司需要他的技术。说的我也后悔了，我完全有机会和富翁拍照合影的。呜呜呜
不过，今天中午我们吃的同一家——方砖胡同炸酱面#黄仁勋 #北京英文导游",3天前 北京,1996,309,630
那个丘老师,来听周杰伦啦～Jay chou🎡🎠,“人无法同时拥有青春感受青春”#把永远爱你写进诗的结尾,编辑于 5天前 福建,68,12,21
asamimichaann,哈哈哈哈哈！😁,生活嘛，最重要的就是开心 #可爱 #兔兔 #治愈 #治愈系漫画 #抱抱兔 #asamimi #asamimichaann #阿萨咪咪 #阔爱炸了,昨天 20:53 日本,3646,630,407
77z,,#最近 #一手,昨天 00:05 河北,71,12,3
PANCO,Endless Summer 🧊,"🌸✨🧊✨🏊🏻‍♂️
	
#笔记灵感 #生活美学 #生活影像诗 #治愈系调色 #朋友圈 #审美积累 #摄影 #小红书影像发现计划 #riverlife #夏日 @摄影薯",3天前 广东,120,20,21
梨子Soul,星空下静坐，放空时与宇宙相拥​,"原来孤独和幸福能一同存在。学会享受孤独，在黑暗中淬炼独立的灵魂，便会奔向更开阔的自由。
#户外 #四季户外之美 #户外露营 #骑行 city 不 city #户外绝美风景打卡​",2天前 广东,14,4,1
糟糕我有小肚子,,happy⛺️,6天前 河南,1089,266,73
晚睡小猫,,左手拿球 右手牵你 #不织布挂件 #篮球不织布挂件,06-26 浙江,7,3,3
星星懂点法,宣布了，老人去世独生子女也可能拿不到钱,"突然发现很多独生子女家庭有个误区：
👨‍👩‍👧 “我是爸妈的独生孩子，他们的东西当然全归我！”
但现实情况可能复杂得多...
老人突然离开后，存款、房子这些“家底”，真不一定能顺顺利利全到咱手里。
	
为啥这么说？核心在于继承的“规则”变了👇
✅不是“独生”说了算，是“顺位”和“方式”说了算！
	
📌 继承顺位（没遗嘱时）
第一顺为位继承人：
配偶 + 子女 + 父母（平分）
✨子女包括：婚生/非婚生/养子女/有抚养关系的继子女
第二顺位继承人 ：
兄弟姐妹 + 祖父母/外祖父母
✨兄妹包含：同父母/同父异母/同母异父/有抚养关系的继兄弟姐妹
	
不是所有亲属都能分一杯羹，做了以下事情，直接出局：
📍故意伤害被继承人。
📍为争夺遗产而伤害其他继承人：比如为了多分遗产去伤害兄弟姐妹。
📍遗弃或者虐待被继承人，情节严重：比如长期对老人不管不问、打骂侮辱，经认定情节严重的。
📍伪造、销毁遗嘱，情节严重：比如偷偷把遗嘱改了，或者干脆把遗嘱藏起来/撕掉。
📍以欺诈、胁迫手段迫使或者妨碍被继承人设立、变更或者撤回遗嘱，情节严重：比如威胁老人必须把房子留给自己。
	
⚠️注意：继承权会“过期”！
这个坑，很多人不知道，但非常重要！
法律规定：你知道或者应当知道老人去世后，主张继承权的期限是—— 3年！
	
💡 给姐妹的实用建议：
1⃣️ 趁老人清醒时早立遗嘱
尤其再婚家庭、多子女家庭
避免日后扯皮打架
2⃣️ 关键步骤要录像！
立遗嘱时全程录影
录下老人亲口说：""这是我的真实意愿""
见证人不能是继承人或其配偶！
3⃣️ 特殊财产提前过户
比如农村宅基地、共有房产
最好生前协商好，比事后打官司强
#遗产 #遗产继承 #遗产纠纷 #法律常识",2天前 四川,412,82,21
甜妤絮,透透气,,3小时前 湖北,37,14,2
康康,你心里top1的国央企是哪个,#国企招聘 #国企央企 #铁饭碗 #国企 #国企秋招 #国企打工人 #春招 #校招 #打工人日常 #打工人,编辑于 3天前 湖北,335,345,275
蓉,,#照片里的青春,昨天 14:07 内蒙古,3,收藏,3
JiumI-Yu,有没有一起去苏州的公主！！！可以一起住青旅！,火姐滴滴！！！,编辑于 昨天 21:40 广东,2,3,7
小红薯669BE564,永远的谭校长,"#演唱会视野 #总要去看一场演唱会吧 #总要一个人去听一场演唱会 #奔赴演唱会 #演唱会现场 #演唱会座位视角 #奔赴一场青春的演唱会
谁懂啊家人们！这辈子听的最差劲音效演唱会，居然砸在了谭校长手里…
开场第一秒我人都傻了——音响像是被按了“破音开关”，人声混着电流声嗡嗡响，后排姐妹举着荧光棒一脸懵：“这是我认识的《爱在深秋》吗？”
但下一秒，谭咏麟穿着西装蹦上台，开口还是那个自带混响的“校长音”，瞬间把我拉回童年！他像是完全没听见杂音，从《朋友》唱到《一生中最爱》，连《卡拉永远OK》都带着全场大合唱的底气，跑调？不存在的！
中途他停下来擦汗，指着音响笑：“这设备比我岁数还倔啊！”台下笑成一片，他又突然正经：“但你们放心，八十岁我还站这儿唱，约定了啊，谁都不许提前说再见！”
三个小时！从黄昏唱到星子满场，他连喘口气都在跟台下挥手，最后安可时音响突然“正常”了，《讲不出再见》的前奏一响，旁边阿姨的眼泪直接砸在我手背上——原来真正的歌手，真的能靠声音打败所有瑕疵啊！
散场时听见有人说：“音响差成这样，居然还觉得值回票价。”我举着被荧光棒捏皱的票根笑了：因为台上站着的，是谭咏麟啊。#陪伴了整个青春 #致青春的回忆 #致逝去的青春",12小时前 天津,19,4,评论
壁纸砖家（拄耶）,,热乎的壁纸来了#壁纸#只有尾巴不可以 #壁纸分享 #壁纸天花板 #手机壁纸 #每日壁纸 #全屏壁纸 #可爱壁纸,1天前 山东,514,318,10
圆圆大王,这个动作怎么这么可爱呀,#可可爱爱 #奥比岛,昨天 01:38 新疆,87,5,11
小红薯6485179C,新人入坑,听说这里同好很多,2天前 北京,245,41,14
天上的星星,,未来那位先生 ，我出生于90后 ，你可以大我15岁小我5岁 ，你可以没有💰，（可以不帅 ，不管你年龄大小，但是你一定要爱我 （真诚可以见面的来 ，其他勿扰 ）#我不完美但真实 #要对生活充满微笑 #放松一下心情臭美一下 #女为悦己者容 #爱生活爱美 #不戴眼镜的快乐,昨天 16:37 广东,13,收藏,9
新间,勇闯|福州汉堡节,"说走就走！2h结束战斗
一共尝试了2家汉堡
这次有很多省外的店也参加啦～怎么说都得试试，感觉吃到就是赚到，省去了动车钱
⏰7.12-7.14，7.18-7.20 16：00开始
	
1⃣厚千禧（福州）p7-8
💰凤梨厚牛堡 36元
之前听说开在军门社区的一家店，最近闭店了趁着有参加活动，就刚好试试。还是咱福州的店，必须支持一下！
肉饼比较厚，凤梨汁水足，面包胚松软
但是个人感觉没有特别惊艳，或许我的口味和它不适配吧
📌可以点完去逛一下再回来取
2⃣觅蜜（宁波）p9-11
💰都乐阳光天使 45元
肉饼是用炉烤后再煎，烟熏味十足！！
旁边看到一箱箱的凤梨，是新鲜哒
个人喜欢这一家
📌需要排队等待，时间会比较久
3⃣puppy yogurt（上海）p12-13
💰双拼干噎酸奶（奥利奥+芒果） 39元
第一次尝试干噎酸奶，好次
看上去一团一团的，口感确实比较干，但还是不会被噎住的
📌可以试吃后购买，不大好舀起来，也会等比较久
4⃣珍奶奶拳头母海石花（泉州）
💰海石花小杯 15元
随便选的一家饮品店，个人感觉有点小贵，海石花也比较少。但确实挺解腻的
📌不想喝太冰的话，可以和店员说冰少加一点
✅【总结】
1.这次参加活动店家特别多，推荐去参加～感受一下这种活动的氛围。
2.可以提前在xhs上逛逛，找到适合自己的店去打卡
3.交通推荐地铁，特比便利，祥板D出口就是啦
4.推荐买早鸟票19.9元，里面还含有一张免费兑换券，这次我就幸运的拿到觅蜜的啦
💖希望大家都能吃到自己心目中的汉堡包包包～
#福州 #美式汉堡 #当代年轻人有多爱吃汉堡 #福州汉堡节 #牛肉汉堡 #吃喝玩乐逛集市 #集市 #汉堡 #美食",编辑于 7天前 福建,535,86,64
lonely（小哈）,玩cos玩着玩着喜欢上自己亲友了怎么办,"我好像喜欢上我亲友了。（已屏蔽当事人）
最近，她基本都在陪我玩cosplay,出的很还原，性格很开朗，跟我其他朋友都很好。
(我承认我有点颜控，她真的特别好看，性格更是没得挑，绝对的女神级别)那天一起逛漫展，我在角落有点无所适从地游荡，不太敢主动融入大家的热闹，她看到了，就主动走过来带我玩，慢慢就熟悉起来了。熟络之后有时候展子结束，我们会顺路一起去吃点东西，然后再各自回家。
	
那天展子，她情绪明显不太对劲，和平时的开朗判若两人。我们一起走回去的路上，我实在没忍住，小心翼翼地问了她一句怎么了。结果她直接没绷住，眼泪就掉下来了，声音带着哽咽说：“就是…不想回家。” 我心里一紧，看她这样，脑子一热就说：“那个…我家现在没别人，你要是不介意…可以去我家待会儿缓缓？” 她红着眼睛点了点头。
	
我们顺路买了点酒回去。我本人其实不太能喝，但是她想喝（可能是和朋友闹矛盾了？），就想着陪她，看着她喝。她喝得有点急，脸颊很快泛起了红晕。后来，她明显有点喝多了，身体晃了晃，然后…就把头轻轻靠在了我的肩膀上。
	
其实这也没什么，朋友之间安慰一下很正常，但那一瞬间，我的心跳猛地就乱了节奏，整个人都僵住了，耳朵根子感觉有点发烫。我几乎是下意识地，非常轻微地往旁边挪了一点点，试图拉开一点点距离，怕她感觉到我过快的心跳和身体的僵硬。
	
她似乎立刻就察觉到了我那点不自然的挪动，抬起头，有点委屈的眼睛直勾勾地盯着我：“不让靠吗？” 我被她看得更慌了，脸腾地一下全红了，支支吾吾地否认：“没…没有啊…” 感觉脸烧得更厉害了。
	
结果她！直接！开始！用手指轻轻摸我的耳朵！她的指尖带着微凉的温度和酒后的微醺，就那么若有似无地蹭着我，眼睛还是一眨不眨地勾勾地盯着我！！我脑子里轰的一声，瞬间一片空白，完全失去了思考能力和反应能力，整个人像被点了穴一样定在那里。
	
她的指尖，带着那种让人心痒的触感，顺着我的耳廓一路慢慢下滑，滑到了我的脖子上…
	
冰凉的指尖蹭到锁骨皮肤的瞬间，我才像被电流击中一样猛地惊醒过来！这是在干嘛啊？！我的脑袋嗡嗡作响，感觉全身的血都涌到了脸上，整个人像只煮熟的虾子，憋了半天才从喉咙里挤出蚊子哼一样的声音：“你…你干嘛…？”
	
她的手停了一下，然后突然凑得更近，几乎是贴到了我的耳边，带着酒气和一种说不清道不明的气息，用那种平时绝不会有的、带着点慵懒和撒娇的语气，轻轻吹着气说：今天疯狂星期四…v我50请我吃KFC",07-10 北京,9136,1033,2460
小临,,绑头发比散头发显脸小，是不是更适合剪短发,07-11 河南,116,23,226
杭二狗,生命力满的快溢出来的视频动作快学起来,生命力视频拍摄教程来啦，老婆们快收藏起来出门拍拍拍！#氛围感美女 #拍照动作不重样#感染力拍照 #拍照动作 #拍照姿热不重样 #拍出生命力 #生命力才是最好的滤镜 #生命力溢出镜头啦  #比美照更有杀伤力的是 #腰臀比,07-04 江苏,4497,3060,57
美乐蒂,,,4小时前 云南,3,收藏,评论
美芽娜娜,,火车站附近开车本地人都得转晕了。,2天前 陕西,18,15,评论
陈阮阮-,其他照片我不知道，但自拍是我的强项︎ᯐ,"吃饭前的随手拍，氛围感这不信手拈来
经过我多年经验，低角度自拍真的更容易出片
背景暗一点，肤色拉亮一点，再表情管理给一点
出片！！！
#自拍 #拍照姿势不重样 #氛围感拍照 #自拍姿势 #今日妆容#木马卷 #滤镜调色 #韩女拍照",昨天 18:10 浙江,2182,474,37
momo,图书馆陌生小妹妹送给我的纸条的正面,"图书馆陌生小妹妹送给我的纸条的正面
图书馆陌生小妹妹送给我的纸条的反面
图书馆陌生小妹妹送给我的纸条的里面
🥰🥰🥰🥰🥰🥰🥰🥰🥰🥰🥰🥰
刚到图书馆就来了工作，本来正在因为工作炸毛，隔壁座是两个小女孩，一直在一边收拾东西一边小声说话，然后她俩收拾完了我以为要走了可以安静地炸毛了（bushi），结果其中一个小女孩从我的左边走到我的右边把纸条放在我的书上小声说“姐姐，我朋友让我把这个纸条给你”然后就飞快跑走了，我打开一看（我以为是让我换位置之类的），一个毒妇紧锁的眉头马上就变成了压不住的嘴角，啊啊啊啊啊啊啊怎么会有这么好的小女孩，拯救了我一天的心情，这个世界不能没有女孩子呜呜呜🥰🥰🥰🥰🥰🥰🥰🥰🥰🥰🥰🥰🥰🥰🥰🥰🥰🥰🥰🥰🥰🥰🥰🥰🥰🥰🥰🥰
#世界上不能没有女孩子 #可爱的女孩子 #手写的浪漫 #小孩姐",编辑于 06-25 上海,16.9万,9693,5485
雨中情,,姑姑来我的城市旅游没有联系我，我今天刷到她的抖音才发现的，我要不要主动联系？,昨天 21:33 浙江,322,122,1450
扬可1,回头看,"高铁怎么这么出片
本来想着随便拍点
结果停不下来了",昨天 14:57 浙江,1339,145,37
居安,,"啊啊啊啊啊啊
田栩宁
现挂的神#田栩宁 #顺恨",2小时前 河北,55,收藏,4
温和的开水,想看看你相册里的云朵☁️,治愈系蓝天,2小时前 上海,2,收藏,8
o椰椰椰椰,🔊手写声控｜沉浸式写字✍️,"这个笔触音好好听！！
#手写声控 #沉浸式写字 #学习声控 #声控视频 #沉浸式写作业 #好笔推荐 #钢笔 #笔触音 #大家更喜欢哪个笔触音[PK]#",编辑于 07-01 浙江,886,85,18
杰伦,求戴，可付费，预算3000,"救命！预算3000蹲个靠谱带飞搭子！最近彻底陷入迷茫期，想找个专业领路人却完全没头绪😣 虽然预算不算充裕，但绝对是诚意满满不扯皮！在网上刷到太多""天价带飞""和""无效服务""的翻车案例，现在找合作方比相亲还谨慎...
真心求各位姐妹推荐性价比王者！最好是亲测有效的宝藏资源，能实实在在解决问题的那种～踩过坑的也欢迎分享避雷指南，让我少交点智商税😭 评论区已搬好小板凳，等一个命运般的带飞大神出现！ ﻿#好想变有钱﻿ ﻿#靠谱﻿ ﻿#大家看看我﻿ ﻿#求助﻿ ﻿#带飞推荐﻿ ﻿#有预算的来 #好想变有钱 #靠谱",07-11 广东,30,6,116
张蓝心,,#我的自拍分享,1小时前 江苏,1,收藏,3
小榴莲,康康我的小红书新头像 🗣,#晒晒我的小红书头像,1小时前 广东,点赞,收藏,2
momomomomomomo,,招行普通员工一年到手工资有10w吗？#银行工作,5天前 广东,323,162,401
Arbeite hart🌟,,#小红书兴趣季 #小红盒 #小家diy大赛,3天前 广东,点赞,1,评论
听不懂人话的给我拱远点,适合当演员这句话的含金量还在上升,#田栩宁,1小时前 广东,641,17,89
番茄,大舅怎么一点面子都不给啊,#情感#万万没想到#想不到吧我也没想到,4天前 上海,6,2,2
青铜小女孩,Walk with me 🤗,#生活美学 #每天都有值得记录的瞬间 #日常文案,07-09 英国,3,2,1
Hello小井,山海之间,#来拍照了 #生命力才是最好的滤镜 #我的日常 #拍出自由感,昨天 18:00 福建,762,96,18
Lyra,用老派的方式约我,"不要Message 留言，禁止临时问我等下是否有空，你要打电话给我，问我三天后的周末，是否有约，可不可以见面。
你要像绅士那样，穿着衬衫，提前在楼下接我，帮我开车门。
我们要先看电影，一起吃甜筒。我们去晚餐，不要商场的拥挤也不要昂贵餐厅的做作排场，最好是人不多的温馨小店，可以傻傻的看着对方微笑。
记得把你的iPhone 关掉，不要在我面前传简讯。你只能，专注的，看着我，跟我说话，想着我。
我们要在夕阳西沉的时候散步，我们要走很长很长的路会拉着我手的那种，在散步的时候会告诉我很多关于你的事情。真正的谈话，老派的谈话。
你初恋什么时候？你写日记吗？你的外号是什么？关于你上学的事情呢？你都去过哪些地方？遇见过哪些有趣的人？你字好看吗？能写情书给我吗？
你可以问我同样的问题，但不能问我有没有暗恋过谁，我会撒谎，这是礼仪。
我们走路的时候要一直说话，有车来的时候会护着我让我走在路里面，红灯的时候就松松又粘粘地看着彼此。
眼神交互到仿佛未来的日子也紧密不分开。
走完这条路，我们就在一起吧
#武汉轮渡 #日系 #jk #古早味",编辑于 4天前 江西,6852,1234,449
归姝,🩵,#不是今天拍的 #乱带标题别管我了 #感觉至上𖦹ࡇ𖦹,1小时前 江西,9,1,3
孙可人,172 55｜女性的身材是件艺术品,"来了喜欢的海边🌊
#完美身材 #海边穿搭 #腰臀比 #长腿#直腿",06-20 浙江,1241,406,102
爱健身的杨老师,🤳,#爱上原相机里的自己,4小时前 湖北,36,3,9
老白分析室,周末消息汇总，下周刺激了,#财经 #股票 #金融,2小时前 上海,398,46,32
大表姐爱画画,混合才是高级玩法！,#调色 #艺术 #解压 #这把高端局 #aha这也是艺术 #金色 #银色,昨天 18:14 江苏,2256,389,119
林英聪,用了10年Mac，我总结了8个高效率快捷操作,"今天是一期关于Macbook的快捷操作，Mac的快捷键真的非常多，全部记很麻烦也容易乱，今天我把我这10年使用频率最高的快捷操作，分类整理成了视频最后的思维导图，方便大家快速记忆，你们可以收藏起来。
	
#数码好视频 #数码大玩家 #macbook #高效生产力 #提升生产力 #效率神器 #mac #苹果电脑 #苹果全家桶",昨天 17:01 广东,747,767,25
黄二,就别抱紧我别安慰我～,#带走了我的天真转场 #变装,昨天 17:26 浙江,2871,600,58
白开水！,“爆裂吧现实，粉碎吧精神”,#cos妆 #小鸟游六花#cos #二次元,昨天 19:47 上海,4425,325,171
🐳🐋🐬🐟🐠🐡🦈,有没有公边牧借配的呀,我的花卷儿快发情了，有没有离的近的相个亲呀，需要黑白色帅气狗狗，大概是7月底的发情期，提前见见培养一下感情有意者联系 #边牧配种  #狗狗配种 #边牧 #太原古县城  [poi_v2]#,07-06 山西,2,收藏,16
仲嶽,不背单词是假象，记得更牢是真！,"🏁 背单词打卡 Day 248
💻 累计学习单词：1782 个
📅 今日学习单词：10 个
🕙 今日记忆次数：10 次
It may come true.
许个愿吧。
#考研备考攻略 #考研英语 #背单词 #英语单词 #考研打卡 #学习日常 #学习必备APP #每天背单词",昨天 22:42 海南,点赞,收藏,评论
开心超人,,大美女！！！#二狗脱口秀 #脱口秀 #名场面 #美女 #富婆 #搞笑 #大长腿,6天前 浙江,973,112,20
三,🪵,"今天的妆有点微丧，刻意加深了下眼影，有点凌乱随意的氛围～
#妆容分享 #妆面记录",昨天 23:02 广东,1026,205,46
橘又金,东拼西凑,,昨天 21:17 广东,422,55,15
大厂小马甲,摩根大通提问：真值得吗,"淘宝、美团、京东一个周末就狂撒几百亿补贴，打得摩根大通的人都提问：值得吗？
	
不过人家还是给出了自己的投资偏好顺序：阿里巴巴 > 美团 > 京东
#互联网大厂 #外卖",6天前 北京,1292,516,723
不河狸ྀ,突然想自拍一下，说不定以后还能翻到,#视频记录生活 #还是没变 #假装自己是个帅哥,07-11 浙江,2,1,评论
我女郑小朋,🥸,我现在看郑朋很复杂 一会我是他妈 一会他是我妈,6天前 四川,2039,89,267
iiiis bot,经常请吃饭的漂亮姐姐,#孙一宁,06-26 河北,1416,114,4
玫瑰玫瑰我愛你。,周杰伦2025嘉年华第100场plog.,"带卜看我伦哥的一天，这么近那么远，哈哈哈
还在演唱会戒断…翻看视频，怎么都是我的声音啊
唱的难听又爱唱第一人#奔赴一场青春的演唱会 #周杰伦厦门 #华语乐坛顶流",1天前 福建,15,收藏,15
dlwlrma,康康我的小红书新头像 🗣,#晒晒我的小红书头像,1小时前 陕西,点赞,收藏,评论
嘟嘟是一只贪吃柯基,发一张照片证明你的小狗很有镜头感,#想记录下此刻 #这个模板有点东西,编辑于 5天前 广东,1,1,27
高高yeye,旋律一响🧠：完了 完了 这啥歌来着…,#KOD世界街舞比赛  #waacking比赛 #气氛到这了 #北京舞蹈 #小红书春天舞会,2天前 北京,1686,221,99
大宇宙,伦敦的揽胜和国内区别么？,在伦敦两天看到的揽胜，基本上统一的深色系，尤其是黑色占比极高。,2天前 英国,362,71,84
船长Leo,这周末是最愉快的周末,小红#我的炒股日记 #财经 #股票 #金融,2天前 加拿大,195,32,233
aQianG,～,#oner #岳岳pinkray #岳明辉,编辑于 07-04 山西,1008,132,46
xyt,看了好六的预告，再次感叹檀健次人真好！,"有人看了预告，也许有人会为檀健次感到不值，但是恰恰相反，我看到了檀健次的能力！
毕竟1分多的预告，檀老师就有50多秒，这还是有个大前辈在，不然镜头只会更多！这就是硬抗的实力，别说好六对檀老师好，这就是一个看人下菜的节目！所以那些有争议的都是为了工作而已！
还有雪琴的选择，她能毫无负担的说出其他人的名字，恰好证明檀老师人好，别说她是嘴快，做综艺的不可能无的放矢的乱说！
她知道即便这么说檀老师也不会真的生气，反而会配合她做好节目效果，这不效果就出来了吗？
所以这些事都是建立在檀健次有实力，情商高，情绪稳定，人品好，才能发生的事！
最后说一点，檀健次太帅了，五官太精致了，表情太生动了，说话太有梗了，管什么节目内容，就纯欣赏檀健次，我都可以把节目盘包浆！
好希望他能多上这种节目，这是不是有点痴心妄想，感觉他现在上好六都是看情分了吧，对他加成并不大，他现在上纯粹是在反哺节目，回馈粉丝了吧！#檀健次",编辑于 1小时前 四川,830,40,143
小九儿,男朋友开丰田车是什么水平？,#广汽丰田  #适合年轻人的第一辆车  #适合通勤的车  #颜值高的车  #九代凯美瑞  #梦中情车  #新手买车  #买车  #买车必看  #适合家庭用车,5天前 美国,57,17,337
苏柯小助理,手绘21（自然主题）,该画为绿色调，构图将室内和室外的界限打破。考试过程中多用一些不一样的构图。#生活画家创作挑战赛 #设计考研 #考研手绘 #人与自然主题画 #手绘打卡 #艺术设计 #手绘 #考研手绘 #彩色装饰画 #画画日常,07-09 江苏,12,5,评论
W-租赁管家,中介费到底该不该给,#年轻人租房 #买房建议 #小红书租房 #租房避雷 #装修 #武汉,编辑于 昨天 16:13 湖北,99,16,192
降谷零,寻找做这个无料的老师！,"吴Wayne跳出来的时候真的吓我一大跳！以及这个应该怎么收回去。
#zgyyj #怪物#zgyyjyy #鱼书#吴盛祥#申祥",6天前 江苏,16,收藏,7
momo,,#小红书兴趣季 #小红盒 #日落后出发,4天前 广东,1,1,评论
江南,打卡第二天,一天一餐，一份冷面,5天前 安徽,点赞,收藏,2
烂口律师 天晓,优秀的法院会告诉你诉了也是白诉。,"好奇它所谓的非诉途径是什么？
	
#律师 #律师日常 #律师咨询 #法院 #法律 #法律人",编辑于 昨天 14:58 广东,942,406,380
一只咸鱼,把永远爱你写进诗的结尾💖,"²⁰²⁵/₀₇.₁₁ 𝗝𝗮𝘆 𝗖𝗵𝗼𝘂📍厦门
共赴一场青春嘉年华🎶
#奔赴一场青春的演唱会 #周杰伦厦门 #周杰伦",5天前 福建,4,收藏,3
米勒Miller,青春回忆杀，路上偶遇Campus在“散步”,"啊啊啊今天走在街上差点惊掉下巴——Campus居然在“散步”！！
原来是Campus50周年，
整个破次元壁既视感！太会玩了叭～
📖 Campus笔记本真的是学生党和手账er的青春回忆杀！从课堂笔记到工作规划，承包了多少人的“纸上人生”
#Campus50周年",编辑于 3天前 上海,64,15,评论
美美猪头,前四是我想的发型，中二是想要发色，后三是我,想要的发型，和得到的，中间差一个自说自话的托尼。他只管他想给你做的，或他最拿手的给你#发型推荐 #发型参考 #今日发型 #每次去理发店都是一场赌博 #头发颜色,7天前 江苏,105,81,13
零陆Six,小时候我爸妈就是这么扭的,"🧑‍🤝‍🧑@李6V
#我在小红书跳舞 #上世纪决定我审美的时代 #时尚是个轮回 #复古 #双人舞",编辑于 07-09 上海,1.1万,618,210
Dear迪丽热巴安利站,💃🏻这个赛道来了个女明星,妈妈说把头发都梳上去大大方方的#迪丽热巴 #利剑玫瑰#邓妍 #枭起青壤 #聂九罗 #慕胥辞 #贺思慕 #宝藏女孩迪丽热巴  #向全世界安利迪丽热巴 #热巴,2天前 重庆,3761,84,29
一直在等萧亚轩开演唱会,萧亚轩谈表情管理，你学会了吗？,"萧亚轩谈表情管理如何漂亮的悲伤，你学会了吗？
#萧亚轩 #华语乐坛 #偶像 #艺人 #歌手 #表情管理 #遗失的心跳",07-02 上海,209,20,18
睡不醒,愿烦恼烟消云散,#回归打工人生活 #没有什么能够阻挡我去上班 #早点下班早点 #体制内穿搭 #体制内上岸 #非全日制研究生 #平淡的一天,06-25 河南,4,收藏,评论
街头型录,夏风漫游过衣褶，吹散一整个午后的疲惫,#街拍,7天前 北京,42,10,评论
我是95后小厨娘,Plog｜新人美食博主第🔟天｜今天是跨城探店日,"嗨👋，晚上好呀，欢迎来到95后小厨娘分享探店☕️篇—（附
手机拍摄技术）
	
不止会拍美食 还很擅长给朋友们拍照🤳
朋友突然说想去中山玩玩～ 所以买了高铁票就去啦
可以说是有点匆忙啦～我们到的时候自己有点晚了，但是不耽误咱们出片的效果喔～
超实用的手机拍照构图📱
新手博主干货分享  看完的赶紧上手🤳
	
1️⃣和朋友如何在拍好探店照片？
✅咖啡店门口特别标志：全身+手势（把人物➕景一起拍）
✅自然光拯救法：因为靠近窗户有点背光，手机曝光+0.7、（原图直出也很好看，根据情况调闪光灯）
	
2️⃣匆忙的半日游“高效踩点”攻略：
🚄交通：广州南→中山小榄（高铁18分，班次很多）
⏰时间安排：16：43到达中山小榄→17:20到朋友上班的地方→17:30到朋友家里等她换衣服→18:10骑着朋友的电瓶车去咖啡店→18:30嘎嘎一顿拍→19:30吃饭（小龙虾和鸡煲）→21:20返程
	
📌利他提示：中山小榄美食确实很多，但是我们想吃的中山乳鸽来不及啦（周六要排队）要去的姐妹一定要合理安排时间喔～
	
3️⃣ 手机拍照“路人变博主”技巧
📸 咖啡厅万能pose（适合素人）：
1. 手里拿报纸：两只手摊开拿着，身体微微侧倾（显瘦！）
2. 坐在椅子上：把腿搭到大腿上，双手拿着报纸（当成反光板打在脸上超绝的）看镜头
3. 报纸可以重复：就是利用有限的资源可以多换动作
	
📱设备：iPhone16 promax实况模式（想p图也是超简单的）
	
💬 新人坦白局：
▪️第10天  粉丝30+，但数据焦虑是真的…
▪️下期想看我做饭还是拍照📷？
▪️你的点赞是我爆更的动力❤️
	
今天依旧是热爱生活的一天哦！明天会更好的，加油呀，晚安😴 姐妹们
#想记录下此刻
#这个模板有点东西
#尝试做自媒体博主
#素人做博主的长成日记
#新人博主
#探店
#薯队长
#干货分享
#日常plog
#女性成长",06-29 广东,23,2,29
小颖颖,35岁｜做一个温柔却“不好惹”的女子,"温柔的人就像春夏交替时
蕞温柔和煦的那阵风
万物经过它都变成柔软的样子
然后你也会对这个世界充满喜爱”
	
但是要明白
温柔从来不是轻声细语
也不是软弱不堪善待别人的同时保护好自己
不任人摆布、不被人欺负
	
如果你不想当软柿子
今天就为大家分享如何成为一个温柔却不好惹的女子
	
■懂得拒绝，敢于说不，不委屈自己
■不讨好任何人，学会自私一点
■有主见，不轻易动摇
■注意保持与他人的分寸感
■从内心认可自己，拥有配得感
■让别人知道你的原则和底线
■远离无效社交
■不在意别人的眼光
■不对他人抱有期待
■与自己的负面情绪和平相处
	
愿我们都能做一个永远忠于自己，披星戴月奔向理想和自由的女子❤️
	
我是小颖颖～谢谢你看到这里💕~下次见👀~
	
#浪漫生活的记录者 #新人博主 #plog #车内拍照 #保时捷 #车生活 #灵感笔记 #新人来报道啦 #人生的意义 #自媒体 @生活薯 @薯队长 @薯条小助手",6天前 四川,153,35,159
人间观察员甜瓜,plog|人生是旷野 不是轨道🔄,"最近很喜欢的一句话：
“人生是旷野，不是轨道。”
	
人生不是固定的方程式，也没有唯①答案，
没有谁生来就应该是什么样：
不想结婚没什么，想离婚也没什么，
喜欢同性没什么，
喜欢的东西大家都不喜欢这也没什么。
	
在没有影响他人的前提下，
每个人都有权利自由生长，
去过想象里的千百种人生。
	
你不是别人所控制的你的样子，
不是社会所规定的你的样子，
不是世俗认为的你应该成为的样子。
	
在人生的旷野上，你可以按照自己的节奏和喜好去生活。
	
人生应该是旷野，不应该是轨道。
应该在自己选择的前进路上，像风一样呼啸而过，像云一样野蛮生长；
去感受快乐，去经历苦难，
热烈而自由地活着💗
	
🙋 关于我
最近真的像被按了加速键，连发呆都成了奢侈。翻到相册里这些零碎瞬间才惊觉，原来平淡日子里藏了这么多小确幸✨ 生活偶尔兵荒马乱，但好在还有这些照片、这些美食、这些小物件能治愈我。最近真的好爱红色，红色代表红火，希望自己的自媒体之路也能像红色一样一路长虹！👋啦
#浪漫生活的记录者#自媒体新人 #日常碎片PLOG #人生是旷野而非轨道 #日常plog #记录生活的边边角角 @薯队长 @日常薯",2小时前 江苏,10,4,13
我是小小芯～,02年女生 | 沉浸式创业,"被公司邀请来工厂溯源啦
和我做私域认识⑥年的姐姐
一起吃了海底捞，去逛了广州塔
真的是开心美好的一天#创业 #裸辞创业 #创业女孩 #我的创业日记 #养成系创业 #辞职创业 #创业日常 #创业坦白局",编辑于 2天前 山东,173,37,57
零竹林,,超级可爱的特效#长相 #颜值 #当我有了新自拍 我有了新自拍 #脸型,2小时前 广西,3,收藏,2
tang.,,有没有是他俩，但是别人看不出来的图片，想当头像[捂嘴笑R] #栩你渝生❤️ #求图 #梓渝宝宝  #田栩宁_,编辑于 07-07 陕西,3330,1341,1138
我不是起号前边名字太抽象被封了嗯对就是这么惨,或许长发男和地雷女才是最好的父母爱情？,"我爸妈诡异的像长发男和地雷女
我爸妈诡异的像长发男和地雷女
我突然谈到说主播的妈妈很像地雷女当父母的样子，主播突发奇想，觉得其实主播的爸爸也比较像长发男，只不过是比较冷酷的那种，而且不善言辞，但是又喜欢小众文艺的东西，主播的妈妈比较容易暴躁，脾气一点就炸，非常的可怕，实际上比地雷女还要可怕的多（仅供娱乐，没有歧视和针对鄙视等等，我本人也对亚文化很感兴趣）#长发男 #地雷女子 #地雷女 #父母愛情 #抽象",5天前 陕西,7762,603,1267
喜欢黑色,恐龙迷必来|越南胡志明旅游打卡咖啡馆,"#恐龙﻿ ﻿#探索博物馆﻿ ﻿#玩具收藏﻿ ﻿#侏罗纪公园﻿ ﻿#侏罗纪世界﻿
#SAURUS Coffee & Gallery[poi_v2]#
今年春节在越南度过的 虽然犯了东南亚肠胃炎但是带孩子去了saurus coffee 作为恐龙迷的他很激动
收藏的展品质感一流沉浸感拉满 在国内要是有一家同样类型的店是不是会收门票🎫🤔",编辑于 2天前 天津,383,142,12
王波艺术面包2,面包黄瓜、烘烤前与烘烤后的区别,面包黄瓜、烘烤前与烘烤后的区别#手作面包 #烘焙 #面包控 #面包 #手工 #面包脑袋 #碱水面包 #吐司 #面包店 #手艺人,2天前 四川,5348,161,570
皮皮推,这四家单位，该选哪个？,华为、南方电网、阿里巴巴、湖北省选调生，如果是你，你会怎么选？,编辑于 昨天 15:56 江苏,703,111,1768
满分维C,用涂鸦让照片变实况,#live涂鸦艺术家 #影像与想象,2天前 福建,4,1,评论
大厂小事料,为什么腾讯有那么多“副总监”,有没有发现，腾讯有那么多总监、副总监，副总监下面还要分组长、副组长，这都有什么区别，为什么有了总监还要有副总监？有没有懂哥解答下。#互联网大厂 #互联网 #腾讯 #职场那些事儿 #字节跳动 #阿里巴巴 #大厂 #阿里 #关于初入职场的我们,3天前 河南,182,55,105
小羊睡不醒,,#当我有了新自拍,2小时前,点赞,收藏,1
荷池小鱼🐟,,"财务是不是最没出息～
心理偏差好像越来越大了。没技术的财务不想打工了，做什么合适？",5天前 广东,355,48,833
壳壳,,#分享你的和平萌趣穿搭,5天前 河南,点赞,2,1
三栖猫,这蘑菇能吃吗？怎么好像在奸笑啊！！！,求问这是什么蘑菇，有毒☠️吗？怎么横截面是一张奸笑脸👽#菌子 #蘑菇 #真菌,编辑于 07-11 日本,5586,388,1235
日影杀手,,#看这是我们的世界,6天前 广东,33,17,1
03Berlintone,Puppy🤎,"🌭🐶
#朋友圈背景#壁纸",编辑于 07-12 英国,73,4,5
小王的日常分享,在字节的 1916天，我毕业了,#互联网大厂 #离职日记 #新的开始新的起点 #字节跳动 #抖音,3天前 北京,807,86,557
A-,,"为什么女生都喜欢宝马3系而不是5系
#宝马 #宝马5系 #宝马3系 #宝马4系 #宝马X3
#宝马i3 #宝马m2 #宝马车友群 #宝马车友会#银川丰泰海宝 #全新BMWX3",6天前 宁夏,85,23,637
啊啊啊轩,,#5分钟治愈充电焦虑 #听雨,3天前 广东,1,收藏,1
万里归书,行过万里路，我决定翻开万卷书|,"Hi 大家好~我是万里归书，95年北漂女生，毕业6年，未婚未育，刚经历了第二次裁员。
	
这次失业后我并没有急着找工作，而是踏上了计划已久的旅程：用骑行和自驾的方式，在中国大地上行走了“万里路”（虽然过程坎坷，车坏了好几次，却也阴差阳错看了许多风景）。
	
这一路，是身体的跋涉，更是心灵的震荡：
壮阔风景的洗礼让我感叹“人之渺小”；
形形色色的人和故事，在我心里埋下无数关于 “生存”、“选择”、“意义”的问号。
	
当风尘仆仆回到日常，一个念头无比清晰：
“‘万里路’打开了我的眼睛和心，而‘万卷书’将赋予我沉淀与智慧。
古人云‘读万卷书，行万里路’——
原来走过的路，是为了让书上的道理不再苍白；
经历的起伏，是为了在字里行间照见自己的困惑与渴望。”
于是，我决定开启一场内在探索：
✨ 在书页间深耕，寻找关于生活、成长与自我的答案。
	
这个账号，将记录我的【成长与感悟阅读之旅】：
1.【主题书单深挖】：聚焦带给我心灵震撼、认知颠覆或深刻慰藉的书籍；
2.【阅历加持的感悟】：结合生活经历，解读书中思想，让抽象道理扎根于真实生活的土壤；
3.【知行成长笔记】：记录我如何将书中所得，应用在回归后的迷茫、职业思考与内在重建中。
	
我不是导师，只是一个带着生活给的问号，渴望在书中寻找启发的同行者。
	
我相信，真正有力量的阅读，关乎如何在纷扰世界里，构建内心的秩序与光明。
	
如果你也：
相信阅读是认识自我、理解世界的桥梁；
在成长路上有困惑，渴望深度思考而非快餐答案；
想看到“有生活厚度”的真诚书评与感悟；
或单纯想找一个安静读书、共同成长的角落…
那么，欢迎同行！
	
在这里，没有浮夸的逆袭，只有一字一句的深耕；
没有速成的答案，只有持续探索的微光。
	
关注我，一起在万卷书中，见天地，见众生，最终见自己。
	
也期待你留言：哪本书曾深刻影响过你的人生观？或者，你正在寻找哪类能带来成长顿悟的书籍？
	
#成长  #行万里路读万卷书 #且行且看且从容 #人生感悟  #深度阅读  #读书博主  #听见日子翻页的声音 #提升认知  #心灵成长 #书单推荐  #阅读分享",1天前 河北,3,1,2
可口可乐,泰兰德之Bible，Jes，女团（7月13日）,"今天冲着Job去的诗丽吉王后国家会议中心，结果没看着，好伤心。
但居然有《四分钟》的主演在，好意外。还收获了热辣的女团舞，和很好磕的一对女cp。
超近距离看了Bible和Jes，硬帅。",6天前 泰国,12,1,9
盼盼,银行机关真的待不下去但领导不同意我坐柜,真的特别特别忙 每天喝水的时间都没有 一个报表接一个报表 一个报告接一个报告 每分每秒都在干活 每天面对几十页的报告 几十亿的数字 填错还被骂 每个假期都没法出去玩 一个电话或者群里一个通知就要赶回来填表 还要上传下达 支行没空搭理你领导又要结果 天天加班 哪天不加班按时回家 就是领导随时打电话 不接就夺命连环call 不管几点都打 打电话从来不会问你一句在家没吃饭没 直接就是你把什么什么数据做一下 默认你每天24小时都随身携带电脑 每天休息心里都很忐忑总觉得下一秒就有电话打进来 干死干活 加班加死一个月不到4000的死工资 我申请去坐柜还被拒了 理由是我走了这些活没人做了 我只想按时上下班下班了没人打扰 怎么办啊真的疯了#银行 #银行人精神状态 #金融民工 #不喜欢上班 #领导 #发疯 #精神状态,3天前 河南,570,223,543
雨后有彩虹,这个征信，还有机会贷银行吗,该怎么优化？深圳在职，有社保有3000基数的公积金，普通私企，工资代发招行，想弄招行的，处理好自己以前的不懂事,2天前 广东,37,2,83
原味薯片,,不化妆，剪短发翘翘头好看吗，看网上都是化妆后的样子#短发 #短发发型 #翘翘头#短发烫发推荐,编辑于 07-02 湖北,378,117,1070
Bubble,所有的不美好，都是为了迎接美好,,06-22 山东,4312,721,241
哈哈哈本哈😜,在意大利火车上被偷，昨天警察局呆了9个小时,"😔周六去参加朋友在维罗纳的婚礼，然后周日去米兰的火车上被偷，下车的时候才发现。本人在英国/欧洲这边超过10年，平时特别小心，第一次被偷，但这次刷新了我的认识。我把书包放在我的头顶上，然后下车的时候发现被开包，里面的相机/镜头/首饰和很多东西都没了。我们买的还是快车，相当于意大利高铁，就一个小时，中间来来往往的人上下车，而且我全程没有睡觉，旁边座位还没有人，就这样放松了警惕。
🧊下车第一时间跟火车工作人员沟通，火车上工作人员态度极差说你应该更Careful，我们啥也做不了，然后就走了。后面再找火车上的经理，一顿鸡同鸭讲，他说你们去报警吧。
🧊米兰中央火车站的警察局人满为患，一问全都是在火车上被偷的。然后就是漫长的等待去做笔录写report，我们2点到的等到了7点半才轮到我们。一问大家的故事我觉得我们还比较幸运，有人行李箱直接被一锅端，有人放在头上的包被拿走，有人身上的钱包被偷，不光是中国人，全世界各地的人都有，朴素的光鲜的一视同仁，还有很多意大利当地人，大部分都是在火车上被偷，还有一些人还没出站被偷。我知道意大利很乱，但现在有点离谱了，有一个米兰当地人说她过去2年被偷了13辆自行车。我们做笔录的期间还有火车工作人员突然来报警，刷票的机器都被小偷顺走了。
🧊接着和警察就是一顿讲，他写了report，但也跟我们说找回的概率是near impossible，我想也是，但是主要是相机里面有很多回忆的照片，抱着一丝侥幸心理。我都想跟小偷说把存储卡还我相机你拿去好了。帽子叔叔写report用的是Google translate直接复制粘贴，很草台，官方report很儿戏，那个report他写的巨慢无比，就这个智商和效率能抓到贼也是不可能了吧。
🧊2点到一直弄到10点离开（其中警察也很忙写report各种打断，外面还不断有新人来报案），来警察局的就我看到的在这个期间超过30人，每一次有火车到站都有人被偷跑过来，人数太多警察也无法受理去叫他们去其它警察局。一直到晚上10点还有人来说被偷了，小偷也是超常营业了。我都感觉应该叫小偷再就业当意大利帽子叔叔，让帽子叔叔去当小偷这个治安问题能解决。
#意大利被偷 #意大利旅游 #米兰治安问题 #意大利小偷 #意大利治安 #意大利旅行 #米兰小偷 #米兰旅游",5天前 意大利,3070,741,3187
我的飞行日常,当书店店长的第十天,"昨天晚上刁老师约吃饭，
霞霞老师还特意准备了鲜花和蛋糕，
说是再给我过一次生日，
所以又吹了一次蜡烛，许了生日愿望。
我都已经离开学校一年了，也即将要到外省工作，
还能被她们惦记并且付出这些，
不由得感叹实在是太难得了～
除了感恩，也只有感恩了
因为家里已经好几束花了，
想着可以把这束花带到书店，
这样待在书店的人也能幸福的感觉。
	
今天并没有一直在学习，反而是拿出电脑开始工作。
领导在外面出差，我就在这里哐哐当辅助。
一下午，做了4个项目的微信公众号推广，
还做了2个硕士留学的海报设计。
工作效率虽高，但也着实累人。
	
到天色渐晚的时候，
我才拿出帆布袋里的英语资料，
先刷几篇语法填空练练手吧，
然后开始今天的任务：着手准备衔接课的资料。
好在之前请教了教高中的朋友们，虽在四川，教材不一样，
但是还是能学到很多经验，尤其是胡老师给的学科网账号，
简直让我事半功倍！
感恩朋友们的无私分享
比起面对电脑，我还是更喜欢面对纸张。
	
哦哦，对了，今天也是被小花温暖到的一天～
我一直坐在书桌旁工作，它就睡在对面的椅子上陪着我，
期间它翻了个身，还撞到了椅背，我都听到了吱呀一声，
它还好，换个姿势，继续睡觉。
猫咪真的好乖，
以前我怎么没有发现呢🐈
潘潘来接我下班啦
#每一个当下 #值得待上一整天的书店 #独立书店 @宽野书店",编辑于 07-02 四川,8,收藏,2
小红薯64A9B5DB,大家的二次元npy都是怎么找到的？,如题，本人女生，明明周围很多完全不玩二次的朋友都找到了玩二次的npy，但是自己似乎就是没有那种缘分一样🥲可能我的“二次元”卡的有点死，比如只玩了一点米家游戏是不能算的，得追一些日漫才行。。。这一点希望大家轻喷，主要是我真爱看日漫。。所以想问问大家是怎么找到看日漫玩游戏的npy的？,07-10 四川,278,94,974
snowflake,有没有0.5的超自然陪陪,"不要：带朋友加钱，大金/大剑加钱，宝藏房加钱
带一下价格！！和段位！！！不带不看！
现在打！！！超自然 #超自然陪陪 投喂单喔",2天前 吉林,8,收藏,30
Aaa 饰品,海的味道我知道🧜,#浪漫藏匿于大海 #度假耳饰海边 #吹海边的风,4天前 天津,2,1,1
晴.无声,晚霞下的胜景,#我若拿出这幅美景阁下如何应对,07-10 宁夏,12,6,1
Guuu_然,存档我的日本pics,#活一些瞬间 #整理相册的时候 #日本 #旅游穿搭,7天前 山东,181,14,8
半夏,,#当我有了新自拍 #可盐可甜,2小时前 河南,4,收藏,1
冬天的秋天,🇺🇸遇到真少爷了,"但是
你怎么那么装啊#富二代#留学生#少爷#纽约#我的留学生活",1天前 广东,3,1,2
猪精女孩alice,当你闺蜜的朋友是Lisa,"见到Lisa本人 香香软软的搂了她的腰啊啊啊啊啊💗
芝加哥场太燃了！因为是在舞台正中间的第一排离得好近好近 四闺女都太美了啊啊啊！我爱blackpink😭 今晚嗓子要唱哑了 运动目标也达成
	
随机跳舞cam第一个就扫到了我们！慌张掏出手机试图录像但没有录上555 或许有芝加哥的姐妹顺手录上的吗🥹🥹
	
#blackpink #blackpink世巡 #Lisa #芝加哥 #芝加哥blackpink演唱会",昨天 14:37 美国,5894,274,367
榻榻米tian,我看起来胖胖的  其实是被生活打肿了ᯠ _,,2小时前 河南,1,收藏,1
可宝,超好玩，超好拍的,#游戏里的风景 #出现在阳光下转场 #蛋仔派对地图推荐,5天前 浙江,3,收藏,评论
醒醒,新人家居PR，🥹跪求大数据给我推点博主！,,5天前 广东,29,11,395
番茄,我是不是说的太重了？不知道会不会怪我,#情感#想不到吧我也没想到 #万万没想到,3天前 上海,5,收藏,7
是大晨吖,Polg | 夏日🔥冰饮话梅雪碧菠萝冰🍍🔁,#夏日消暑风味集 #新人博主 #日常plog #记录生活的边边角角 #菠萝 #在家就能做好喝的饮料 #自制水果茶 #柠檬百香果 #凤梨 #夏日冷饮,2小时前 内蒙古,点赞,收藏,11
🌸🌸小艳子,我想看一下普通人染发效果,"经常素颜
到底染什么颜色
显白？
不要网图，谢谢！！
#染发#广州染发",4天前 广东,313,171,171
Star Chasing🌟,求换JJ20首尔限定紫T！！,2XL码太大了，穿上像裙子，求换XL码#JFJ周边 #JJ20紫T #SMG #林俊杰周边衣服,06-27 山西,2,收藏,11
参赛者_墨林,啊啊啊啊啊啊好可爱啊啊啊！,"我的蛋搭子
#",07-10 河南,3,3,评论
体温计,,#大连#活的像海自由的像风 #夏天当然要去看海,1小时前 广东,1,收藏,2
尤小婷,永远的Jay Chou,#我的青春 #周杰伦 #周杰伦演唱会 #Jay #厦门 #拍照 #赴一场青春的约,5天前 福建,41,5,8
我離孤單幾公里,,搶到30/8的票了，但附近的酒店都貴的嚇死人，有住蘇州的火姐推介地鐵線較方便的住宿酒店嗎？或其他交通較便的住宿？#火星演唱会 #华晨宇火星演唱会 #暑假 #苏州旅游 #苏州酒店推荐 #火姐 #2025火星演唱会,3天前 中国香港,点赞,收藏,2
鸿吉旅游,康康我的小红书新头像 🗣,#晒晒我的小红书头像,1小时前 湖北,点赞,收藏,1
村口种树、,这个joker宇已经是追星届的天花板了吧,"“我会很期待每次可以见到她”
“很久以前就非常喜欢她了”
“因为她才知道了我们公司”
在蒸煮面前吐露多年的心声能跟她一起录节目并且成为好朋友 是谁羡慕了啊
#炙手柯热 #开始推理吧
#迪丽热巴 #周柯宇",07-05 浙江,6282,459,127
峡谷梅姐,,#这个夏天奔赴恩施大峡谷﻿ ﻿#峡谷小新﻿ ﻿@恩施大峡谷景区,1小时前 湖北,1,收藏,评论
高傲生活💍,,,1小时前,1,收藏,评论
好好呀好好,34岁做小红书4个月｜始终相信坚持的力量,"“贵在十年如一日的坚守...
与其在迷茫中内耗，不如专注脚下的路。”
	
偶然看到这段话，像被轻轻点醒了。
做博主的第4个月，回看这一路——
没有惊天动地的逆袭，
只有普通人的默默坚持。
	
这120天，是真实的“人间清醒”：
✨ 开心过：第一篇小豹文诞生时，捧着手机反复看了好几遍；
😌 焦虑过：数据低迷时，也会悄悄减少刷后台的频率，不想互动；
🌀 倦怠过：偶尔冒出“要不歇歇？”的念头…
	
但每次犹豫时，心里总有个声音：
“方向对了，慢点怕什么？”
于是，我选择：
✅ 沉下心打磨内容：拍图不美就多学多试，文案不亮就静心修改；
✅ 坚持输入学习：像学生一样听课、拆解，笔记本渐渐写满📝；
✅ 降低数据执念：告诉自己“被一个人真心喜欢，也是意义”。
	
就是这些笨拙的“日常功课”，
让我这个普通妈妈，
等来了一些小确幸——
从0开始，陆续收到合作邀约；
收到留言说“喜欢你的真实记录”。
	
坦白说：
我没有耀眼的学历背景，
背后也没有团队支撑，
只是利用带娃的碎片时间，
在生活间隙（比如等娃下课的车里）默默写着、拍着
	
我想对屏幕前的你说：
如果连我这样普通的人，
靠着 “不求即时反馈，但求日日不断”的坚持，
都能一点点往前走，
你也一定可以。
	
不必羡慕别人的快，
你按自己节奏走的路，
每一步都算数。
相信时间，相信坚持本身的力量。🌱
	
我是好好
喜欢和你们分享我的生活🌟
	
#普通人做小红书 #坚持的意义 #宝妈博主 #女性成长 #长期主义的坚持 #自媒体干货分享 #自媒体生活 #小红薯 #汽车薯",编辑于 5天前 四川,113,41,137
张思淼,夜晚遛江🌌感受钱塘江最美3km,"夏天太适合钱塘江啦
看看大莲花的灯光 吹吹江边的风 感受20度的夏天，真的太舒服啦
这次跟小红书遛遛生活节一起开启「遛江」之旅，
江风温柔地吹过脸颊吹散了一天的疲惫与燥热
对面的大莲花灯光和波光粼粼的江面相互映衬 🌳
钱塘江边 有人跑步锻炼，有人坐在江边长椅上聊天，还有小朋友在嬉笑玩耍，遛江不只是简单的散步，更是一种生活态度
在每天加班的生活里🌳能有这样一段慢悠悠漫步江边的时光
去感受自然、感受生活，真的太治愈了。
#遛江 #杭州钱塘江 #小红书遛遛生活节 #夏夜遛弯#
#遛遛生活 #小红书遛遛生活 #遛遛水友夏令营@城市情报官@好好玩俱乐部",编辑于 2天前 浙江,1152,169,14
忍痛命,,#分享你的和平萌趣穿搭,1天前 贵州,2,收藏,评论
jenn.xuu,我毕业啦🗞👩🏻‍🎓 ꉂ  ᳐ˋᗜˊ  ᳐₌੭!,"是会一直回味的四年🎓
i wouldn’t have it any other way
.
vlog剪辑中…🎬
#毕业季#毕业喜事",2小时前 日本,6079,92,847
02:21,🦌,,06-24 四川,18,收藏,5
小红薯687D3105,康康我的小红书新头像 🗣,#晒晒我的小红书头像,2小时前 浙江,点赞,收藏,评论
小红薯687D6E65,康康我的小红书新头像 🗣,#晒晒我的小红书头像,2小时前 云南,1,1,评论
解锁,,#拍到的人生的照片 #旅行是记录青春最好方式 #旅行随地打小拍 #爱旅行爱摄影爱生活 #旅拍,5天前 甘肃,7,2,1
璇璇子の日常,北疆永不遗忘,"艾本哈杜村，现实中的“渊凯城”✨
摩洛哥的艾本哈杜村，一个仿佛从历史画卷中走出来的古老村落，更是因多部影视作品的取景而声名远扬​￼​。这里是《红海行动》中硝烟弥漫的战场，也是《权力的游戏》里龙母崛起之地渊凯城的原型​￼
	
#摩洛哥 #阿伊特本哈杜 #权力的游戏取景地 #权力的游戏 #浪漫生活的记录者 #旅游万粉扶持计划 #旅游拍照 #时尚 #黑白穿搭 @小红书创作助手 @小红书REDesign @小红书成长笔记 @时尚薯 @潮流薯",07-04 广东,190,6,4
Idlewild🐳,太原歌迷的嘴是真严啊,"来太原看演唱会还可以凭票免费参观晋祠博物馆（全价80块呢！！）
还有其他需要付费的景点也可以免费参观
这也太好了吧！！！
导游还说，之前周深的乐迷无意中发现p2这块诗碑上面出现了“周深”二字，于是就在这块碑石旁边排起了长队
有点儿意思哈哈
#晋祠 #晋祠博物馆 #晋祠公园 #太原 #太原旅游 #太原旅游攻略",5天前 山西,13,收藏,3
白小姐爱拍照📷,这里真的太好拍了！粮仓产业园！打卡啦,35度的夏天，热的心都融化了，但是沈阳粮仓的感觉很艺术，很小资，逛一逛，随手拍都很出片#沈阳探店 #沈阳粮仓文创园 #周末去哪玩 #沈阳拍照 #时尚打卡地 #打卡新地标 #ootd穿搭 #潮流POV #这个地方超适合拍照 #夏天穿搭,07-11 辽宁,11,4,1
大昌行汽车湛江新媒体中心,为什么🧐大部份男生都喜欢开本田，不懂就问？,#本田#男生买车#买车攻略 #年轻人开的车 #适合年轻人的第一辆车 #年轻人购车,4天前 广东,95,29,644
虾滑在此,𝑱𝒂𝒚 𝑪𝒉𝒐𝒖🎠园游会永不打烊,"天青色等烟雨 而我在厦门等到了周杰伦演唱会🎼
#第100场 #把永远爱你写进诗的结尾",编辑于 2天前 福建,19,收藏,3
小红薯677A19E5,康康我的小红书新头像 🗣,#晒晒我的小红书头像,1小时前 安徽,1,收藏,评论
辛拉面,微软大礼包Get,"KPI完成度非常高也抵不过业务线调整Global全线被噶喜提大礼包。
今天是权限失效前最后一天，还电脑，还工牌，办理手机号过户，领了退工单就正式结束了四年微软人时光。
回头想想貌似又读了一次本科。
四年里哺育了幼崽，学习了本领，体会了996的工作量。
终于要拜拜啦。#互联网大厂 #外企打工人",编辑于 2天前 上海,289,50,187
尹^O^ 🎈,谁来告诉我这个位置到底行不行？,#贴上就是桂花味 #孙燕姿 #就在日落以后 #青岛孙燕姿 #演唱会座位视角 #奔赴演唱会 #不懂咱就问,6天前 上海,2,收藏,19
杨二狗,,41岁，一米八，原相机是苹果的不是自带美颜的手机原相机。,编辑于 7天前 辽宁,109,5,103
李祖贤,像吗？不像删了,"我与沈月之间差了一个洁哥
妆造太太太棒咯
	
💄化妆师：@SOULBEERR
	
#沈月仿妆 #妆个新人设 #沈月 #这都拿不下你 #不像删了 #就说像不像 #今天的我长这样 #变妆看我的",编辑于 07-06 广东,189,6,90
小象,,#清新 #今天好凉快呢,3小时前 陕西,1,收藏,1
理案卷的云朵酱,Plog 新人博主别焦虑，该来的终会来,"嗨喽宝子们！我是云朵酱☁️～
一个曾经埋首案卷堆的**法学生/法律打工人**📚
现在！决定换个方式记录生活啦！📸
👉 为什么开始Plog？
在红薯摸爬滚打（边走边学）的路上，我发现：
举起相机📷，捕捉那些细碎的美好瞬间
真的能治愈疲惫，让平凡的日子闪闪发光✨
分享出来，更是双倍的快乐！🎉
所以，我决定正式成为一枚 **#Plog博主** ！
**给所有刚起步/犹豫的宝子们：
1️⃣ 先！行！动！起！来！
别等“完美”了才开始，边做边学才是王道！
在行动中，你会看清自己真正热爱什么、擅长什么。
2️⃣ 允许自己“不完美”
前期的摸索、笨拙、甚至数据焦虑都很正常！
这不是弯路，是你独一无二的成长路径。
每个“不好”的尝试，都在为未来的“满级技能”打地基！
3️⃣ 耐心是金，该来的总会来
“该来的Shi终会来” (懂的都懂！)
别因为暂时没起色就放弃！
失去耐心，可能就错过了转角处的惊喜。
你走过的每一步、看过的每一帧风景，都塑造着别人无  法复制的你！
最后碎碎念：
别怕走“错”路，人生没有白走的路。
你用心记录的那些“风景”，终将成为你的铠甲和勋章。一起慢慢走，稳稳成长吧！
该属于你的，时间都会给你答案。❤️
---
**宝，关注我@云朵酱☁️，一起用Plog把平凡日子过成诗～**
 新人博主 #plog #日常plog #记录生活 #生活碎片 #治愈自己 #女性成长 #拒绝焦虑 #该来的都在路上 #素人做博主 #法学生的日常 #云朵酱的plog日记@薯管家 @薯店长 @热点薯 @薯队长 #ff[map_traver]#",编辑于 4天前 广东,63,13,66
文博讲述员小王,有幸在晋祠跟李总合上影了,大家忽略被晒黑的我#晋祠 #李川,06-26 山西,90,6,66
甜心sweety,和杰伦的约会日～,#出门就是和地球约会 #周杰伦 #周杰伦厦门 #演唱会 #登陆我的视角 #于是我驻足,07-08 福建,21,2,8
心碎69🤡,,#萌趣人生四宫格,4天前 云南,点赞,收藏,评论
小王,,#微胖穿搭,7天前 贵州,180,25,28
爱吃花椰菜🐾,,#小红书兴趣季 #小红盒 #日落后出发,4天前 贵州,2,收藏,评论
bhnn,🇷🇺俄语“笨蛋”,"今天大家学一个常用的口语“笨蛋”：тупица
#俄语学习 #俄语 #俄语口语 #外语学习 #俄罗斯 #白俄罗斯留学",06-30 广东,1992,468,102
大厂insight,大厂程序员被裁后和兄弟制毒……,到底是哪个大厂可以培养出来这种人才……,5天前 北京,3087,504,1361
巧克力糖果,康康我的小红书新头像 🗣,#晒晒我的小红书头像,1小时前 上海,1,收藏,评论
起不了号怎么办？,起不了号,新号呀！居然也起不了号！！！咋办？#专业号助手 #小红书企业号运营,2小时前 广东,点赞,收藏,2
夏佩玲,🐟🐼,"Give me your favorite photos of Ziyu and Tian Xuning
	
I will go soon to Paris and take the photos with me on a trip 
	
谢谢你
	
#梓渝 #田栩宁 #田栩宁梓渝",3天前 罗马尼亚,267,41,293
Pino233,卖盗版课程被公司起诉侵权了么办,"最近很多当事人来咨询“我在平台卖盗版课程被公司起诉侵权了怎么办？”，就来找我咨询的当事人看，大多都是大学生想要赚取一些零花钱，付了所谓的拼车费后在二手交易平台上售卖，往往没卖几单，还没赚到多少钱，就突然收到法院传票，一看对方索赔数额往往上万无法接受。
遇到这种情况千万不要慌张，你遇到的大概是批量维权的公司团队。
什么是批量维权呢？他们又是怎么运作的呢？有一些网络付费课程可能年代久远，或者早已卖不出去了，著作权方可能会打包卖给一些公司以榨取最后的价值，而这些公司拿到著作权后就会开始上网四处搜索谁在售卖这些课程，只要你在卖，他们会马上买下来固定证据，又因为是平台实名信息绑定，只要申请披露很快就可以锁定并起诉你。起诉你之后，绝大部分人都会想着自己确实是卖盗版了，感觉自己理亏，再加上对面这时向你提出和解，你只需要支付一笔数额可观的和解费他们就会撤诉。
通过滥诉，不停的起诉，不停的获得和解费获利，这就是他们的目的。他们不会想着真正保护自己的著作权，而是希望越多人卖越好，这样他们就可以源源不断的获得维权利益。
遇到这种情况，我想对你说，千万不要和解。
面对批量维权，真正的破局之道在于策略性应对：
首先，这类公司依赖的是低成本、大批量的“流水线”操作，一旦你选择积极应诉，将案件拖入完整诉讼流程，显著提高其个案成本，他们很可能会权衡利弊后主动撤诉。其次，也是最关键的，千万不要轻易妥协，妥协后与其被动支付一笔笔“冤枉钱”，不如主动捍卫自己的权益。
最后，很多人可能会上小红书搜索相关帖子，这个产业也衍生出一些专门帮人答辩的法咨公司，他们可能只出一份层层打包的答辩状，收取你几千的费用。后续接着以各种由头找你付费，请一定注意甄别。
（我也想打个广告，我可以帮你出专业律师审核把关过的答辩状，以及如何应对的全程案件指导，只收取劳务费用，费用不及法咨公司的零头。欢迎咨询）
#保护自身权益
#侵犯著作权 #拿起法律武器保护自己权益 #专业的事交给 #欢迎大家咨询",06-24 湖北,29,29,47
枫影,……不想说话了…霸凌+刀,,5天前 山东,53,27,4
豆蔻,男朋友开丰田车是什么水平？,#广汽丰田  #适合年轻人的第一辆车  #适合通勤的车  #颜值高的车  #九代凯美瑞  #梦中情车  #新手买车  #买车  #买车必看  #适合家庭用车,5天前 美国,71,18,313
小米刘儿,雷总，你的兵来了,#小米SU7 #雷军 #小米汽车石家庄,06-22 河北,9,2,8
清风,康康我的小红书新头像 🗣,#晒晒我的小红书头像,2小时前 湖南,1,收藏,2
🐈,,"在俄罗斯🇷🇺
背痛包…
玩二次元
会被人骂吗？
（被歧视？#俄罗斯 #二次元 #痛包 #俄罗斯旅游 #俄罗斯生活",5天前 四川,4538,650,560
玩具车,找不到同款,这裤子版型真的太好了#田栩宁同款 #田栩宁最新路透,5天前 江苏,1615,256,520
奶一口睡觉,每天两眼一睁就是打开万词王背单词,"拿捏英语的感觉，爽！
#万词王   #今天也有好好学习   #一周学习打卡挑战   #每天背单词   #英语学习   #studywithme",3天前 浙江,19,4,评论
这是我的碗,想摸母鸡的心情达到了顶峰,一直都很喜欢母鸡这个生物，毛又滑又软，冬天像个暖炉，而且也很温顺很乖，十多年前没拆迁的时候家里是自建房，经常会养鸡，天快黑的时候鸡就会回窝，我就把它抱出来捧在怀里，它超级温顺，抱着抱着她还睡着了最近经常在网上刷到一些养鸡的帖子，每次看见手都特别痒，特别想摸一把，但是又摸不到我真的要抓狂了#母鸡,4天前 浙江,2.9万,3329,1.6万
皮蛋豆腐,求婚₍˄·͈༝·͈˄*₎◞ ̑̑,#恋与深空 #恋与深空BW2025 #祁煜,6天前 上海,1695,240,9
贵依橱女装衡阳芬姐5号,康康我的小红书新头像 🗣,#晒晒我的小红书头像,2小时前 湖南,1,收藏,评论
Tristan.,太原植物园你还挺好拍的,#户外好出片 #公园拍照 #一起去公园吸氧 #太原 #太原植物园 #穿搭 #夏日穿搭 #这个地方超适合拍照 #植物园 #植物园拍照,07-06 河南,19,1,评论
曾,康康我的小红书新头像 🗣,#晒晒我的小红书头像,2小时前 广东,1,1,2
啊丽娜🎀,地陪,"欢迎中国人来到海参崴 😇
俄罗斯美女
	
* 打枪
* 海洋馆
* 海角
* 坐船（可以订帝王蟹）
* 灯塔
* 市中心的景点
* 芭蕾舞
* 马戏团
150 一个小时（人民币）
#俄罗斯 #俄罗斯人 #俄罗斯美女 #海参崴 #旅游 #fyp",编辑于 4天前 俄罗斯,138,50,102
.,康康我的小红书新头像 🗣,#晒晒我的小红书头像,2小时前 江苏,1,收藏,评论
合肥小表弟,合肥香奈儿门店店员与顾客扭打事件通报,"据通报，7月18日20时54分，蜀山区某商场发生一起纠纷警情。王某在该商场一门店内使用手机拍摄视频，与劝阻的营业员罗某发生口角，继而引发肢体冲突，后被现场群众劝止并报警。接警后，民警第一时间到场处置，并将当事双方带回派出所立案调查。鉴于双方当事人均深刻认识错误且未造成明显伤害，根据双方申请，公安机关已依法对本案进行治安调解。
请广大网民不信谣、不传谣，共同营造清朗的网络空间。#热点 #合肥身边事 #合肥 #我为消费者发声 #正义永远不会缺席 #消费者信心 #坚决打击犯罪 #热点新闻事件 #反对一切暴力 #保护消费者 #大家怎么看[PK]#",昨天 18:01 安徽,248,27,484
1,康康我的小红书新头像 🗣,#晒晒我的小红书头像,2小时前 江苏,点赞,收藏,评论
小白今天吃什么🤔,懒🉐p,#清清日常库存,3小时前 河南,2,1,2
鞠婧祎,,,07-10 江苏,79,23,8
每日一氪,,听说华西医护也降薪了，真的假的？,4天前 四川,431,221,945
小吴碎碎念,杭州自来水变印度三哥操控了,#自来水 #自来水之污 #杭州自来水臭 #杭州自来水变黄 #杭州自来水 #杭州 #供水 #印度 #水软 #远离科技与狠活,2天前 浙江,819,100,217
协音,bd2 yasal互动！！！,"最后一天的最后一场！还好没有错过，她真的不一样
#bw漫展 #yasal #棕色尘埃2 #韩援",5天前 上海,3456,678,87
bbboss,终于轮到我拍这个转场啦！✈️,#济州岛转场 #旅游转场 #济州岛旅游 #转场天花板 #旅游转场就这么拍,4天前 浙江,778,526,51
彩英的土拨鼠,,大学生穷死了有什么贝兼💰的方法吗？,1天前 云南,5,2,9
泺泺大方,去哪旅游,暑假在打工，开学之后有什么推荐去玩的地方嘛 #值得玩的地方 #放假出去玩 #学生党旅游 #旅游大学生 #大学生游玩 #暑假,1小时前 安徽,1,收藏,1
vv,乌孙古道 我们来啦！,不计划太多反而能勇敢冒险 硬座直达新疆#徒步丈量世界 #户外重装徒步 #乌孙古道 #徒步圈,昨天 13:52 湖南,27,6,28
CiCi相关,10年前的美高留子🗽👚🫡,"不考古一波时代的眼泪不是美高人！美区留子的古早穿搭我也没跑掉
	
其实这十年留学带给我的，从照片中也显而易见——
从只敢埋头躲在刘海后，到敢于在人群中笑着直视镜头；从all black的跟风穿搭，到做出忠于自己舒适度的尝试。
	
记得刚到美国的时候，看到校园里或精致或潇洒的学姐们总是无比羡慕。而现在，我也长成了很好的大人
	
下一个十年只会更好～
	
#十年前的我们 #十年的变化 #我的留学故事 #古早留子 #翻红吧衣橱 #经济上行的美",6天前 北京,2215,374,165
窝萌小林,📍太原植物园,太好拍了#植物园,07-11 河北,55,6,4
脆桃大王,可以和你撑伞的话 下雨天也是好天气☔️,#最美的不是下雨天 #雨中氛围感 #下雨天 #雨天拍照 #拍照 #分享照片,编辑于 3天前 陕西,21,4,1
小红薯_1262,,,2小时前 山西,点赞,收藏,1
王震,康康我的小红书新头像 🗣,#晒晒我的小红书头像,6天前 浙江,2,收藏,评论
瑞纳冰必须五分糖📷,,"太原陪拍｜（7.01-8.30）植物园出片get！
#太原陪拍#红色 #氛围感#故事感",07-06 山西,8,收藏,评论
珠澳热恋,康康我的小红书新头像 🗣,#晒晒我的小红书头像 #新号 #新号养成记,6天前 广东,点赞,收藏,评论
辣妹小熊,康康我的小红书新头像 🗣,#晒晒我的小红书头像,1小时前 新疆,点赞,收藏,评论
小狗也想去玫瑰湖冥想,dy和redbook完全两种风评,#女性 #幸福,编辑于 2天前 山东,1738,398,906
钢笔工具,全屏壁纸,#顺恨 豹豹猫猫我来了[心心眼R],编辑于 2天前 江苏,531,140,43
快乐薯i,加一个纯粹的股票交流圈，真的很难吗？,"群主之前加了好几个股友群，但进去之后，发现乌烟瘴气，乱七八糟。比如发广告，推荐股票，卖课程等等。令人厌烦。我就想：加一个纯粹的股友群，有那么难吗？
把那些乱哄哄的群全部退完之后，就在平台上发了一个召集令。大意是：这是一个纯粹的股友交流群，认同群规者，欢迎加入，有歪心思的，勿扰。召集令发布后，很群友加入。然后陆陆续续的很多群友就加进来了。可见：大家多么渴望有一个纯粹的股友交流群啊！人一多了，必然的有混水摸鱼，不怀好意的。幸运的是，纯粹的群友占绝大多数。大家把这些有歪心思的，一一举报，然后立刻踢群。甄选群友的过程还是很复杂的，需要眼力、耐心与责任。如此反复，久而久之，群里就很纯粹了。一起分享，探讨，进步。有群友问：群主，你怎么判断对方是不是坏人啊？群主的回答的是：群主有10年的股龄(2015年的夏天懵懵懂懂跨进大A的)。在股海中，学到了很多，积累了一些经验与教训，看坏人的眼力不会太差。
有个群友私底下问：群主，你搭建这些纯粹的群，图个啥？群主是这样回答的：刚开始加了几个乌烟瘴气的股友群，很恼火，就单纯的想搭建一个纯粹的交流群。其次，群友多了，每天总会领略到祖国东西南北的风光以及美食（群友发圈的），很是欢喜，因为涨了见识。第三，和自己较劲，去年八月，群主的朋友圈不到200人。哈哈，一个美国籍老乡叫我open自己，说我朋友圈人太少了。故此，也算驱动我建群的一个原因。
我喜欢这两句古话“友博则见广”“独学无友，则孤陋寡闻”。如今，领悟到了这两句话的意义。领悟不是一蹴而就的，它是一个身与心的过程。群主是个i人，之前群主都是时刻关注世界，而把自己给包裹起
来。这样不好。应该要与世界共振。
群里有很多能人。比如本科毕业在北大、清华的（真正的高材生啊)，有医学博士，操盘高手，淘宝千万粉丝博主。群里也有刚入市的小白，大学生，一线劳动者，也有各地的华人同胞。
真可谓：全球各地，各行各业，男女老少，群贤毕至。很荣幸与大家一起学习。#互相学习交流 #股票 #来来来我们一起来讨论 #股票知识 #大家一起交流 #一起来探讨",06-23 湖南,18,13,11
de巴卡😜,太原骑车太爽了,太原有没有一起骑车的呀，新手一起轮流骑呀，速度不要太快也不要太慢，最好从南边出发#太原 #日常骑行 #骑行友好计划 #一起骑行吧 #骑车 #骑行小趴菜 #骑行使我快乐,06-20 山西,13,收藏,7
狗界显眼包,短发灾难,,07-09 江苏,92,7,231
颖颖,下载了个日本交友软件,感觉不咋滴呀、我想找女的结果发消息的都是男的💦,2天前 日本,284,125,90
瑶瑶ai训练师,从吸烟的动作看清一个人,#吸烟﻿       ﻿#ai﻿       ﻿#人工智能,2天前 江西,1672,268,66
氧化铜（捏土版）,不许你们这样说我的粘土…,"听劝发了两张自拍 没有流量就删掉
#算了反正也没人看",编辑于 2天前 马来西亚,300,14,32
KK,,我们生来就是富贵命，不要浪费好吗？#不凡成就,昨天 13:50 安徽,72,75,123
小美姐姐er-,,27岁杭漂女生，6月份工资到账了，在做好当下的同时，也要做好规划，#打工人日常vlog #发工资的一天 #努力赚钱的样子最美 #杭漂女孩 #记录生活,昨天 18:21 浙江,13,2,7
芙昕|生活摄影美学,培养你的摄影眼⭕万物皆可拍📷手机拍照,#我的摄影日记 #小红书自然拍摄倡议 #手机拍照技巧 #手机怎么拍大片 #小白学摄影 #摄影构图技巧 #拍照构图 #万物皆可拍 #镜头下的世界 #手机拍照 @摄影薯 @知识薯 @视频薯 @小红书创作助手 @小红书创作学院 creator academy,07-04 重庆,6.6万,1万,1599
溜溜是六六啊,刷到的姐妹都能抢到演唱会的票啊啊啊啊啊,#演唱会﻿ ﻿#演唱会抢票﻿ ﻿#手机望远镜﻿ ﻿#鹿晗四巡,3天前 河南,350,156,9
人呐，要有趣一点,通缩爽死了！！！,"在现在呆的城市只有一套全款自住房，已经跌了超过30%，不过无所谓，这套房已经是过去时了，并且是好事，因为几年前想都不敢想的豪宅，现在已经动了心思
另外现在持有大量现金，并且在可预见的未来，有很稳定且非常高的收入
通缩对于我这类人是不是爽呆了，希望恶性通缩
#经济大环境 #形势一片大好 #经济形势严峻 #通缩",3天前 广东,371,144,540
里脊肉饼,,"家里给了15w，买labubu还是买星越L
#labubu #吉利汽车 #星越L
#15w怎么选[PK]#",06-27 山东,1408,188,6320
叽呀加🤤,我终于感受到了生活🫧他竟然是个动词🥳,"生活中好多零散的 碎片的🧩
每一个平淡的细小瞬间就是幸福❤️
我慢慢感受、频繁记录着身边的小幸福 📝
才发现，幸福有迹可循😎
#家是我的能量场 #厨房是我的精神庙宇#厨房 #浪漫生活的记录者 #情侣 #亲手营造的家 #生活的意义在于生活本身 #是live也是life #DIY家的一平米 #小家DIY大赛
@家居薯",07-06 浙江,8372,3169,301
NyxBarbitique,小时候幻想成为时尚的大姐姐,,编辑于 1天前 湖南,93,3,5
云飞渡野,Crush的歌单，是直男吗,#和crush聊天 #歌单 #歌单分享,07-04 广东,3008,358,6066
凉凉子,在公司楼顶看暴雨 发呆 等周末,#和明星一起交换热爱 #今天干点啥,1天前 广东,3,收藏,评论
想吃好草的牛马,求销售岗！,"本人98年的牛马，目前在这个行业最高拿过5w（已是本行业天花板），平均3w＋，社保公积金交得相对较多，到手所剩无几，Top也就这样了，干了4年，想在上海买房还遥遥无期，谁能推荐一下天花板高的销售，本人学得很快，能吃苦，稳定，毕业到现在一直在一家单位工作，很喜欢销售工作，需要有五险一金，管理层工资比员工工资高的销售岗（天花板靠6～10年资历刷资源的不考虑）
（目前在职，合适就跳）
认真找工作，不喜勿喷！",2天前 上海,1132,790,511
+v看蟹黄堡秘方,,朋友喜欢滔博的Jackeylove，给她送什么生日礼物比较合适#英雄联盟 #jackeylove #tes #滔博,4天前 山东,195,47,863
运动薯,解锁夜跑专属穿搭图文模版💫,"「夜跑穿搭大赛」图文模版已上线就位，就等你的亮眼登场！
薯为跑得快更穿得酷的你准备了专属图文模版，不管是反光装备的酷飒细节，速干衣的利落剪裁，还是藏着小心思的搭配，都能轻松get夜跑OOTD大片
	
🕶️使用方法：
进入运动薯主页➡️模板作品➡️图文➡️选择「夜跑穿搭｜夜跑人的潮流秀场」即可使用
	
💙即日起至8月17日，带话题#跑进夏夜、#夜跑穿搭大赛、#runfit 用专属模版秀出你的穿搭灵感和实用装备，这个夏夜，让跑步成为最靓的秀场🤩
	
#跑进夏夜 #夜跑穿搭大赛 #runfit",2天前 北京,106,38,21
luo土豆饼,康康我的小红书新头像 🗣,#晒晒我的小红书头像,1小时前 浙江,1,收藏,评论
黎小只,Jay·第100场嘉年华🎠,"很幸运等来了好天气✌🏻
#周杰伦厦门#厦门奥体中心白鹭体育场 #周杰伦演唱会视角",编辑于 6天前 福建,32,2,16
酌月（原创美图）,🌿2025三伏时间表｜入伏海报｜初伏文案｜素材,"🌻【2025年三伏时间】
初伏 7月20日 - 7月29日（共十天）
中伏 7月30日 - 8月8日 （共十天）
末伏 8月9 日- 8月18日（共十天）
	
❶初伏启幕，暑气渐盛，愿您在忙碌之余，能寻得片刻清凉——或饮一杯温润的绿豆汤，或享一段晚风相伴的休憩时光。时节流转间，愿安康与暖意常伴左右。
	
❷今日初伏，夏意正浓。愿您兼顾忙碌与休憩，如这伏天的阳光与树荫般平衡相宜；也愿三餐有热汤暖身，入夜有清风入梦，在时序更迭中，感受生活的安稳与舒心。
	
❸初伏至，暑渐浓，时节的脚步悄然迈向盛夏。愿您在这一段时光里，既有应对暑热的从容，也有感受日常的闲逸——一杯清茶、一餐热食，皆是生活赋予的小确幸，愿安康常伴，顺遂如常。
	
❹初伏已至，夏韵渐深。愿您能在暑气中寻得适宜的节奏，白日里精神饱满，入夜后安享好眠。也愿这份时节的提醒，能让您记得关照自己与身边人，让温暖与清凉，都恰如其分。
	
#公众号素材 #小暑大暑处暑 #夏季养生 #夏日消暑风味集 #2025三伏时间表 #入伏海报 #初伏文案 #跟着节气过生活 #入伏插画素材 #幼儿园",编辑于 昨天 20:10 天津,1240,227,136
mire ✨,看看大家拍的植物园🤩,#这里拍照很出片 #太原植物园,06-25 山西,37,1,25
小灵出没,05女大 在线接陪丸 保养价500/1h,"💡想碎碎念一下🥲
我知道干陪🥣的特别多 但是感觉还是会有 有单无人接黄单的事情😢（还是怪我准备不充足
其次是价格问题🙂 每天刷🍠上很多10元/H的 5元/H的
搞得很多人来问 娱乐女🥣 超过30他们就觉得好贵
那你说你的💰是💰 难道陪🥣的时间和付出就不值一文么
你想要好的体验还想要情绪价值还想要真实女🥣 哪有说便宜都让你占了
搞得我真想点一单10/h的🥣体验一下是什么感觉了
我真的不知道了 作为板板想要什么样的🥣了
大家可以给点意见嘛🥲#三角洲 #三角洲行动 #csgo女玩家 #CS #大学生赚米 #FPS #游戏搭子 #一起玩游戏 #大学生诚信 #csgo #三角洲 #三角洲行动 #csgo女玩家 #一起玩游戏 #FPS #csgo #大学生诚信 #CSGO饰品 #三角洲 #三角洲行动",6天前 广东,14,1,30
海淀妈妈Sherry,无证上岗的家长，不知道孩子长大了会怎样,"[呃R] 今天在地铁🚊4号线上目睹了一场争端。起因很简单，图1这个男士坐着的座位空下来了，附近一位女士刚要坐，这位男士马上伸胳膊撑住了车厢，挡住了那位女士，然后踩着她的脚坐上去了。女士不满，说你抢座就抢座别踩我脚啊，男士马上提高了嗓音说：狗踩的。女士睿智应答：没错，狗踩的。男士一屁股坐下，想了想好像觉得不对，说我没踩你，你把鞋子上的脚印给我看。女士根本不惯着他，接口道：不是狗踩的吗？它不踩我怎么能坐上这个位子呢！
 此时，男士身边的位置空出来了，女士大大方方坐下。男士刚才吃了哑巴亏，开始跟对面的家人用家乡话蛐蛐（此时才知道对面一排都是他的家人），然后暗地里开始搞小动作。他在众目睽睽之下，把自己的腿伸到了女士座位的中间，挤压着人家的大腿。女士一直往旁边挪，实在忍无可忍，冲他厉声道：把你的腿放在该放的位置，别碰到我。这位男士开始大喊大叫：谁碰你的腿了，说着用手在人家的大腿上指指点点。女士被激怒了，让他拿开自己的狗爪子。同时提醒他，作为家长，他这样的行为属于流氓，是怎么给自己的孩子做榜样的。男士始终没有撤回自己的腿，同时手指着女士用极难听的言语骂骂咧咧。女士没再搭理她，请坐在她左手的小伙子跟她换个座位，以离开这只疯狗。
 男士喋喋不休，用全车厢都能听见的声音说自己被人身攻击了。见女士不再说话，感觉气焰又上来了，跟对面的小男孩说：儿子，以后有人对你人身攻击，你就扇她！！他儿子从手机屏幕上抬起头，点了点头。
 我和那位女士同在海淀黄庄下了车，看她平静的走上扶梯，放下心来。车厢里没人帮她说一句话，连治安员都没有制止那个人的行为。但她毫不示弱的劲儿，让我非常相信她也是位海淀妈妈，也许也像我一样正着急回家给孩子做饭。无论如何，我真心希望她的心情没有被影响。
 有些人生来自私，甚至恶毒，连做了家长都没有任何收敛。在这样的家庭成长起来的孩子，会遵守起码的道德准则会有基本的善恶之分吗？
	
#家长素质需要提高 #家长的力量 #海淀妈妈 #教育 #父母与孩子 #家长",编辑于 3天前 北京,1385,52,528
好久不见,康康我的小红书新头像 🗣,#晒晒我的小红书头像,2小时前 柬埔寨,点赞,收藏,评论
颜夏灰灰,厦门周杰伦,"“我永远活在第一次遇见七里香的夏天”💜
厦门真的热爆！感觉第三场也是有点唱不动了
吐槽下：第三场的歌单，经典的好多都没唱啊！！点歌环节估计宝子们都太年轻了。年纪大的我想听的老歌一首没听到#演唱会后遗症 #赴一场青春的约会 #耳机里的浪漫出现在眼前",6天前 福建,2,收藏,1
大学生韭皇割了又长,有钱人会开比亚迪吗？,比亚迪真的都是网约车，穷人在开吗？有没有有钱人，老总，开比亚迪的，让小弟开开眼#比亚迪 #A8 #有钱 #亿万富翁,07-09 江苏,148,42,1640
极品安少.,找超自然陪陪,"找超自然陪
开全馆那种
带价来#咨询 #超自然行动 #陪玩 #找人",3天前 天津,9,2,10
超级无敌橙,,,3小时前 韩国,2,收藏,评论
杨汝晴,裙子是借的，但气场不是,"张爱玲说“各人住在各人的衣服里”，今天才懂，衣服可以借，但底气必须是自己给的。
	
那个小镇女孩也终于靠自己拿到了这份璀璨的光。
	
借的裙子明天要还，而养硬的气场能穿一辈子。",昨天 12:11 北京,3602,139,333
小怡睡不饱,无滤镜女头,#无滤镜女头 #高清女头 #女头,07-05 江西,5325,1985,140
咸炸酥,想不通了,"经反复验证后确认是真钞，折合人民币144元……
全过程P2 实物P3
#bw#百思不得其解 #有时候真的很无助 #漫展 #集邮 #bw2025#无料
二编：我早上被妆娘跑单了 临时紧急找的妆娘 定金也没要回来…这就是物极必反吗？",编辑于 6天前 上海,3019,143,813
嗷呜嗷呜,康康我的小红书新头像 🗣,#晒晒我的小红书头像,1小时前 广东,1,收藏,评论
闭嘴吧你,,田栩宁说蹭鼻子好欲啊！！！！听见了吗！是田栩宁说的！是现挂！！！,2小时前 河南,88,3,26
yoki_瑜,✨首尔City Walk,"去了Hello Kitty的世界.
没来得及跟权志龙合照.
有点可惜.
#Hellokitty #瞎逛的一天 #没事儿瞎溜达
#韩女#成为韩女的第一步 #这个模版有点东西",07-03 广东,7,1,1
一只猫捡球,,由于搭子有事情去不了 只能把两个人的票退了  刚刚去看南京788的已经没了🥹🥹会有二开吗,6天前 江苏,8,收藏,35
Gowent,紫霞仙子来咯,"#浪漫的紫色 #紫霞仙子
超好看的妆造
造型师性格超好，拍完了还送我去地铁站赶车！！",06-20,67,22,5
小红薯64985E2F,为什么感觉大家都在劝退啊,有没有劝来的小语种前辈 #部委 #魔法部 #魔法部遴选 #小语种#朝阳门,编辑于 1天前 福建,1400,739,563
赴山河惊鸿宴.,,"求助：
存演唱会视频手机要爆炸了
想买一个硬盘
但是想要留住当天拍摄的时间和定位或者硬盘再次传回手机还可以显示之类的
有没有硬盘可以这样
求各位宝宝推荐
#追星 #演唱会 #livehouse #硬盘 #存储空间不足 #求助贴 #移动硬盘",6天前 云南,16,7,15
魔豆研究所,这也要抄吗，笑死我了,发现特斯拉中心换新矿泉水包装了，是因为之前的被模仿了吗 #特斯拉 #新能源汽车 #抄袭可耻原创至上 #有点离谱但别太离谱,编辑于 2天前 上海,499,58,645
每天进步e点点,在工位再也坐不住了,主包坐标西安，大小周打工人，工作两年利用双休周末和节假日去了广元、烟台、三门峡、十堰、洛阳、郑州、重庆、苏州、常州、运城、大连、北京、天津、武汉、平遥、丽江、铜川、济南、临汾、长白山、太原，还去外地看了三场演唱会，未来两个双休还打算去内蒙古鄂尔多斯和香港。几乎每个双休都在路上，好处是每个周末一下班就能快速投入到旅行状态，到了一个完全陌生的环境就能很快从上班的状态中脱离出来，精神松懈下来，也因此能完全放松地享受美景和美食。坏处就是存不住钱，且精神非常割裂，每个周一坐在工位都精神恍惚，情绪大起大落，周内和周末仿佛活在两个世界，然后花一周去调节，再花一周去做下一场旅行的攻略，周末继续出发，在工位完全坐不住，满脑子都是出去玩儿#跟着兴趣去旅行 #西安吃喝玩乐 #打工人 #人在工位心在哪里 #西安周末去哪玩 #开始期待下个周末了 #旅行日记 #旅行攻略,编辑于 5天前 陕西,4947,2332,962
央国企招聘情报站,2024年中央企业实业集团利润排行,"2024年中央企业实业集团利润排行一览清单！
所以近几年为什么很多小伙伴越来越想进央国企，因为央国企的待遇越来越好了，并且也是大家心目中的稳定的工作！
学姐曾经考央国企有过很多弯路，今天给大家整理了这些中央企业实业集团的排行，大家理性观看，仅供参考哈#排行榜 #市场发展趋势 #薪酬绩效 #薪酬 #企业盈利能力 #主营业务收入 #行业报告 #行业分析",4天前 云南,139,99,32
治愈系胖爹,,如果你50岁了，看完你就明白了#治愈系 #情感 #情感共鸣 #人生感悟 #生活就是如此,5小时前 广东,321,190,35
ᝰꫛꫀꪝ,📢真正的一流大刊水准，中国大学排名🔥,"📢【2025中国大学排名重磅出炉！你的母校上榜了吗？】🔥
清华北大稳坐TOP2宝座🏆，浙大/上交/复旦紧随其后！这份超全榜单从清北到地方院校，覆盖综合/理工/师范/财经等各类高校，快来看看你的dream school排第几？👇
▪️ **顶尖梯队**：清华（1076.1分）断层第一，北大、浙大、上交、复旦包揽前五！
▪️ **黑马院校**：深圳大学冲进TOP70！南方科大（32名）表现亮眼✨
▪️ **专业王者**：
- 财经类：上财/央财/对外经贸
- 医药类：首都医科/南方医科
- 政法类：中国政法/华东政法
💡 **选校干货**：
✅ 综合类前10：清北+华五+武大/华科/西交
✅ 师范类TOP：北师大（19名）、华东师大（30名）
✅ 理工强校：中科大（7名）、哈工大（14名）
📌 **小众但强**：
- 想学外语？北外/上外/广外闭眼冲！
- 艺术生必看：中国传媒大学（语言类TOP3）
- 体育特长：上海体育大学（体1）、北京体育大学（体2）
💬
👉 你的学校排名上升了吗？
👉 评论区晒母校排名，找校友啦！❤️
#大学排名 #高考志愿 #考研择校 #985211 #志愿填报干货",07-10 贵州,315,84,14
salty^ - ^,顺顺利利爱,顺爱现在热度刚刚好！前六集大爆后各方下场扰乱观剧环境，各种限流搞主演，现在虽然没有全网刷屏的热度，但是该吃的饭一点没少吃。尽管私心想要顺爱更火一点，但为了剧的安稳维持在当下热度也很好。#顺爱 #大宝天天见,昨天 13:33 重庆,1107,27,75
行动组,西班牙空军台风战机在航展中撞鸟全过程记录,"#航空航天 #军事 #武器装备 #鸟 #战斗机 #航展 #飞机 #航空摄影
摄影师:Javi_as99",编辑于 1天前 江苏,1177,308,358
拾月,,用这种头像的我愿称之为#美女 #帅哥 #小众头像 #头像 #精选头像,6天前 四川,114,54,37
08,幸福的终点  原来是起点,,昨天 18:47 江苏,23,4,1
小红薯65AFC052,,天津难道都不需要收银吗 怎么这么难找,2小时前 河北,点赞,收藏,评论
哈肉肉小店,厦门周杰伦演唱会被骗（应该所有在厦门,应该是团伙作案。闲鱼加的，说是工作证带入，早上1500，下午2500，我半信半疑，就选了1500，还交了150定金，提前一天到达厦门，隔天早早就在那里等，带队的人自己都不是很认识地方，带我们饶了好大一圈，快到南广场的时候，接了个电话，说让我们下午再来，还说给我们便宜点，结果，我活生生在那里坐了一天，等到下午的时候，他说你的价格是早上的，现在下午就要按下午的价格，也可能他们内部没沟通清楚，反正我在下午进就要按下午的价格？我那个火啊，我吃多了早上那么早来。进不去是我的问题吗？，现在你和我说早上太严进不去。活生生坐地起价，后面找了微信联系的人，他直接不管。后面我想着说来都来了。打电话过去问能不能少点，直接把我电话拉黑！后面只能在外面坐，听工作人员说这个是骗人的，现在微信定金那个人一直不回复，,编辑于 7天前 广东,72,21,222
Timeless、,如果天气好的话🌞,#天气好的话 #少和人纠缠多看大自然 #我想我们应该坐在一起发呆,4天前 安徽,46,13,2
刘大仙儿,笑死完全区别对待，姐的欣赏不像演的哈哈哈,#宁静#美女#女神#张智尧,07-04 广东,1.1万,592,639
龙都集市新疆月牙面,,您知道中国哪里的面条好吃吗？评论区里说说吧#面条 #食品,6天前 河南,1492,485,267
韓寧,快速提升词汇，不背单词怎么行？,"🏁 背单词打卡 Day 73
💻 累计学习单词：4239 个
📅 今日学习单词：400 个
🕙 今日记忆次数：400 次
You are unique like a snowflake:)
没有人是你，这是你的优势。
#学习打卡",3小时前 河北,点赞,收藏,评论
小花骨朵0824,,被困澳门，流量还有两天过期，在新求助，怎么继续办理,3小时前 中国澳门,点赞,收藏,6
方脸猫,你好，认识一下 🙋‍♀️,脸太方，路太难,4天前 江西,点赞,收藏,评论
兔兔爱吃瓜,恭喜🎉莎莎成为梅森马吉拉香氛品牌代言人,听大家的下手了慵懒周末，第三张照片好可爱🥰#孙颖莎 #孙颖莎加油 #孙颖莎最棒,编辑于 06-27 上海,1258,27,110
haajsh,哲哥太懂生活了哈哈哈,"刚到海边立马找了遮阳伞坐下开始打游戏，太有生活了！
﻿#绝区零﻿ ﻿#zenless_zone_zero﻿ ﻿#绝区零创作者激励计划﻿ ﻿#绝区零夏日特辑",2天前 上海,2657,200,60
一个蟹蟹梨🍐,旷妈，人是野生的,"罗卡角我来了！🌊
欧洲大陆最西端
这大西洋的海风是真大呀
	
#ootd #可是旷妈人是野生的 #世界这本书我又多读了一页 #plog #日常 #罗卡角 #葡萄牙 #旅行碎片 #世界在我眼中",7天前 上海,1190,52,30
半夜偷吃干脆面,考古田哥哈哈哈以前好萌好呆啊,#你一定会红透半边天的 #田栩宁 #田栩宁新剧,编辑于 6天前 安徽,893,123,47
蒜Q,,一想到九月份开学刘铮也要去上学我就想笑#顺恨 #刘轩丞,3天前 河南,5714,382,1148
wwwli,,我真是服了银河左岸了，20号的音乐节一直在放票，感觉那天人得多死，真不怕发生踩踏啊，现场是不让原地坐下的，说是怕发生踩踏，那你票倒是卖少一点啊，到了晚上v区人得多成啥样啊，这个天又这么热，我上次秋天去音乐节晚上都快挤得要闷死热死，别说现在这个天气了，感觉20号那天音乐节v区的宝宝们得苦死了银河左岸太不干人事了#银河左岸 #音乐节,2天前 江苏,174,8,231
神的爱恋诗_official,来自重庆的地下偶像团体🩷✨,"我们是来自重庆的地下偶像团体
神的爱恋诗✨
	
❤️切切Chieko
💛笑笑XwX
🤍弥音Mio
🩵沫沫Moya
💜猫头CwC
💚茶茶
	
#地下偶像 #神的爱恋诗 #地偶 #公式照",4天前 重庆,432,86,50
小Y.🍠,不骑车了 我来野混了…😋,"不骑车的时候干嘛呢 当然是在放空自己🤭
骑行时刻感受自由🌬️
不骑行时刻感受生活🧘🏻‍♀️
——打扮欲 表达欲 分享欲
就是我要的生命力
#不骑行的时候我在认真拍照 #女骑 #骑行 #不骑车的时候在干啥#不露脸拍照 TIANWU COFFEE[poi_v2]#  #咖啡 #生命力 #感受生活 #自由#tianwu咖啡",编辑于 6天前 北京,105,1,5
毛茸茸瓜,,看了丰田的净利润，馋疯了。全体丰田员工能不能要求加工资。我已看不惯这个净利润。#嫉妒,4天前 广东,137,39,117
Good-luck.敏.,求steam耐玩上头游戏🥺,"比较热门的都玩过了。
星露谷，苏丹的游戏，火山的女儿，饥荒缺氧，潜水员戴夫，模拟人生4，赛博朋克这些都玩过了，大表哥老头环博德之门最后生还者因为电脑配置内存玩不了，现在就是非常想要找到上头的游戏！",5天前 美国,1770,1198,2813
花开一树,,有没有财政国库的来交流一下病情,2天前 广西,156,114,283
厦门设计师 黄开源,非常抱歉🙏目前我们公司真的出不了厦门！,"自从我在小红书宣传我们公司的手艺以来就一直有很多朋友在支持我们，真的非常非常感谢朋友们的支持！但很遗憾，以我们目前的能力，暂时只能服务厦门地区的业主，实在很抱歉😞
❓为什么不接外地单
因为我们无论是工人还是材料商都是厦门本地的，出了厦门就没办法给业主一个很划算的价格了，再加上我们的设计师都是要随时去各个工地巡检的，以此保证每个工地的正常施工和质量标准，距离远了就不能巡检地那么频繁了，物理上的距离带来的时间精力的消耗会导致出现问题不能及时发现和处理，所以我们无法承接外地单
🙋‍♂️第一次刷到我们的朋友可以看这里
我们公司年龄最小的伙伴也已经有了将近八年的工作经验，而我则是从毕业就开始进入装修行业，从一开始的实习生到现在独立带领我们公司，也有十多年的经验了。不仅是设计师，我们公司的工人们也都是我知根知底的老师傅，合作了很多年了，厦门的新房装修我们也做了几百户了
📝我们的优势
✅ 所有的项目都是我亲自对接，不外包也不转包
✅ 价格公开透明，报价清单上清楚地写明每一份费用的具体支出，材料具体到品牌、规格、数量，人工具体到每一平花费多少
✅ 我们签的都是闭口合同，没有增项也没有漏项，每一项支出都会在报价上写得清清楚楚
✅ 有问题不推卸，我们第一个出面为您解决问题
👋在厦门的朋友们看过来
如果您正好在厦门，正好在寻找靠谱的装修公司，请给我们一个机会！
#厦门装修 #厦门装修设计 #厦门设计师 #装修 #厦门 #装修设计 #厦门装修公司 #靠谱装修 #厦门靠谱施工队 #全包装修",2天前 福建,点赞,收藏,评论
oneOZ,极氪009除了贵基本没缺点👍,,3天前 江西,18,2,54
LIU66,彻底跟陪伴我们家20年的老伙计告别了👋,"今天收到了车管所寄来的“新牌照”，一时间还是有点恍惚，还是以前的号，但是从05年到现在陪伴了我们家20年的老伙计却不在了整整20年勤勤恳恳，带着我们风里来雨里去，奈何抵不过排放的要求，作为欧II排放的车纵然20年只跑了15W公里依然难逃退役的命运，都没有好好告别就这么走了👋
#和过去说声再 #时代的印记",06-25 北京,4352,619,1233
vøn,要回去了吗，囚犯,"#p5r #双子 #卡萝莉娜 #芮丝汀娜 #cos
一人出两个角色真的好累
自己的长相确实不适合演小孩
但喜欢双子设定还是出了( ̀⌄ ́)",2天前 天津,2.1万,739,257
柠檬加了盐^0^,十七岁的我（高中生）,我的十七岁#开始怀念刚上大学时的自己 #照片里的青春 #漂亮的是我不是十八岁 #稚嫩的青春,昨天 16:55 江西,44,14,4
狸狸&明星同款手册,张峻豪21年穿过的鞋25年的今天被他代言了！！,"张峻豪7.20日生日当天官宣KappaWing系列代言人，真的是好有意义的一次官宣～
重点是，扒了一下发现，小哥哥21年就穿过了Kappa家的鞋，这简直太梦幻联动了！！！！cr：张峻豪
#张峻豪 #张峻豪顺顺 #张峻豪同款 #张峻豪穿搭 #张峻豪私服 #明星同款 #KappaWing赛车鞋  #明星私服 #男明星穿搭 #张峻豪新歌",编辑于 20分钟前 河南,93,7,评论
🍮焦糖奶黄,,#希望能火🔥,07-11 新加坡,70,31,138
Lluviadulce,写女空乘着装建议 当场收到乘务长的回信🥹,"当时看到嘻哈那句“如果那时她能有一条裤子”（p3p4）我的眼泪就夺眶而出。女性到底会被多少无谓的框架困住。刷到已经有很多姐妹在给航司写意见卡并且已经初见成效，就想我一定要趁这次机会也去添砖加瓦。
	
问女空乘要意见卡的时候她好像不知道最近很多人在这么做，很惊喜，一直说太好了太感谢了。
没想到快落地前乘务长过来给了我一个小纪念品还有回信🥹其实有留意到机上她们已经都穿平底鞋，要意见卡的时候问了，她委委屈屈地说落地后还是要换高跟鞋的，我就也写上了。
	
看看这个回复吧女孩们，就要上桌，就要开口，有人推才会有进步，就要让所有人都听见，我们说话有用！
	
收到一些关于意见卡文本的建议，修改了一下放在置顶评论了，供大家参考。灵感也是来源于最早开始这么做的姐妹们发的帖子，感谢她们🫡
	
#空姐制服 #女空乘 #空姐意见卡 #女性力量",编辑于 昨天 23:39 江苏,1.1万,1241,598
momo,这种车位是给人停的？,#停车 #吐槽 #汽车 #车技,3天前 云南,330,35,907
小红薯61F4A49A,音乐节,不要问我为什么有五张票，却一张用不上，最后还被浇透#音乐节 也算是见到白小白了,3天前 吉林,1,收藏,评论
糕糕想长高,属于中医学所有退路！,"谁说医学生的退路只有医院？ 想进体制内的同学快速冲这些铁饭碗！
-
🌸专业划分：
中医学类专业包括中医学，针灸推拿学、中医康复学、中医养生学、中医儿科学等等，中医学类也属于医学大类，在筛选的时候可以把“医学——中医学类——专业”三个关键词都选择上哦！
-
可报考岗位：
🌸监Y，戒D所，市场监督管理局，卫健委，中医管理局等等都可以去考的，选择性还是比较多的
#省考 #考公 #公考 #国考 #中医学 #铁饭碗 #中医学考公 #中医学 #中医学专业",4天前 安徽,4083,4081,54
Mpower俱乐部,宝马Mpower一般可以开几年,"宝马M车友来集合
进组织滴滴
#Mpower #宝马M4 #宝马M3 #宝马M #宝马m2 #性能车 #宝马M5 #宝马",07-08 广东,36,12,142
来份薯条,k式k式,四个星期什么都没干，小说不看了，游戏不打了，就在研究这俩男的究竟爱没爱过 #顺恨 #柴鸡蛋,4天前 意大利,2218,64,310
问夏云图（重生版）,手幅案例合集,#手幅 #美工 #饭圈美工,3天前 山东,3,收藏,评论
爱范儿,苹果三星，为何不用大电池？,"上周三星 Galaxy Z Fold7 发布后，热度最高的两个数据，是其 8.9mm 的厚度以及 4400mAh 的电池。
	
反观国内的智能手机品牌，6000mAh 已经几乎成为旗舰标配，甚至电量很快要赶上一些充电宝了。
	
然而望向苹果和三星这两大品牌，一边引领和定义着行业标准，一边却在充电和续航方面瘸一条腿，最后全都演变成了一句话：
	
你是个好人，可惜是 4400mAh。
#电池
#三星
#苹果
#国产手机
#电池技术
#科技
#数码",2天前 广东,311,98,542
文博讲述员小王,晋祠讲解员很荣幸遇到你们！,一次正常的讲解，遇到来自不同地方的你们，遇到就是缘分，希望我的讲解方式和内容能够给大家一个深刻的印象，对山西对晋祠的印象！同时感谢这位游客发的小红书，收到收到！感谢信任感谢支持！#一眼千年晋在眼前,06-24 山西,43,25,15
苹果硬糖,改了好几次了，单主一直说很猥琐,"我真没招了，究竟哪里猥琐
SOS
#约稿 #接稿 #绘圈 #单主吐槽 #求助 #求义诊",编辑于 5天前 广东,7713,827,1.2万
启明星,,谁有田栩宁蓝底的证件照照片想印出来放在手机壳后面,5天前 山东,1454,635,352
黑鸟堂,10款iOS必装免费APP，让你的iPhone好用十倍,！  ﻿#App分享﻿  ﻿#iOS﻿  ﻿#软件﻿  ﻿#实用app﻿  ﻿#软件分享﻿  ﻿#APP﻿  ﻿#app,06-22 山西,1210,1510,23
陈昌文书籍讲书人-心仪1,,#商业思维 #企业管理 #老板思维,2天前 广东,点赞,收藏,评论
那年盛夏！,,生活嘛，笑一笑就过去了#生活不会辜负每一个努力的 #农村,2天前 贵州,237,57,10
大正武,延吉本地人推荐的韩式烤肉……终于吃上啦,"韩国同款布车烤肉店，艾烤洞烤肉真的把韩国街头氛围搬来了！打卡拍照超级出片，发朋友圈都被问爆了🤩🤩
🥩 必点！韩国正宗鸡蛋围边烤肉
他家招牌就是这个！烤盘一圈是鸡蛋糕+芝士玉米，中间烤肉的油脂渗进去，鸡蛋嫩滑、芝士拉丝，香到迷糊～另一边可以放辣白菜、萝卜条，包着烤肉吃，一口穿越韩国街头🇰🇷！
🌟 推荐菜品
✔️ 一桌长的肥牛——视觉冲击满分，肉质超嫩！
✔️ 艾烤洞牛王排——酱香浓郁，入口即化！
✔️ 瀑布芝士火辣鸡爪面——芝士裹着软糯鸡爪，辣得过瘾！
💡 小tips：他家套can超划算，人均50+吃到扶墙出，学生党冲就完事了😍😍
这家已经是网红墙必吃美食了，延吉烤肉推荐榜上也有名👍👍
🏠艾烤洞·701韩式烤肉（大学城店）
📍延吉市大学城B入口7楼
#延吉攻略 #延吉烤肉 #延吉美食 #网红墙 #韩式烤肉 #延吉吃喝玩乐 #延吉旅游攻略 #延吉美食攻略",编辑于 2天前 湖北,107,39,44
milk,,#下饭神剧 #小红书兴趣季 #小红盒,4天前 湖南,10,2,评论
momo,ID3最满意的几个改装,"中控托盘，可以放东西很方便[棒R]
民族风坐垫，很适配ID3[棒R]
还有B灯！！补缺了尾灯，太好看了，而且只要234！[棒R]
最后是扶手贴，扶手那里老是指纹，一点忍不了，贴了这个就没有指纹了
其他的想不到还能改什么了[呃R]
求推荐
#上汽大众 #大众ID3 #与大众的日常 #汽车改装 #用车感受 #我的车 #改装 #优化驾驶体验",2天前 山东,65,17,59
你说的对，但是你说的对,蓝狮子到手啦～,"10号线上开户，直接申请了蓝狮子
14号收到EMS深圳发出通知
16号收到卡
嘿嘿，我的蓝狮子和蓝耄耋齐了
#港卡#香港汇丰#汇丰ONE
#寰宇人生定制 #兴业银行",编辑于 2天前 湖南,1335,342,245
晴子,便利店jk太好拍了！,#我的JK日常 #便利店 #jk #麻薯物语 #罗马轨迹,2天前 海南,3426,513,42
绿琳sky,🌟跨越旧有障碍｜唤醒沉睡的天才🌟,"🖊【加】Marilyn Atkinson & Rae Choi’s
📚《唤醒沉睡的天才》

被描述得淋漓尽致的“追星术”（STAR)提问法，被召唤了数次“英雄之旅”的解说语，被吸引后如愿以偿得以翻阅的“教练内在动力”之作。

如何唤醒个人的内在潜力？这本书给了非常系统逻辑的方法与故事解说。

计划和成就的四阶段......
埃里克森五原则......
意愿和注意力象限图......
幸福的四个透镜......

也就是说，可能你过去经历的，现在经历的，你能在这本书中的字里行间领悟到。以往未经历的，可能以后会经历的，书中亦有所详细分析。它是一本增知广识的“积极心理学”书籍。推荐阅读。

#每日读书分享 #读书笔记打卡 #好书共读 #教练 #内在动力 #英雄之旅 #书评 #创造 #改变 #书评",5天前 湖南,17,14,2
vx,,#分享你的和平萌趣穿搭,2天前 上海,点赞,收藏,评论
噜噜,✨新人博主Day2 | ✨🔁,"hello 欢迎来到噜噜的plog频道🥳
今天是成为博主的第二天～ 依旧在努力记录生活里的小美好💫
	
🥓牛小新烤肉🔥
谁懂啊！烤肉和蜡笔小新简直是灵魂cp🍖 看着小新调皮捣蛋，烤肉在烤盘“滋滋”冒油，肉香混着欢乐，一口下去直接把幸福拉满！！
※
※
🥖法大吉🥐
路过法大吉，看到甜品柜直接走不动道🍰 这些缤纷水果塔像商量好一样，颜值和美味双在线，吃进嘴里甜到心巴上，碳水快乐拿捏🤏
※
※
🍹茉酸奶🧋
最后用一杯牛油果酸奶收尾🥤 ，谁懂，我真的喜欢，清爽口感瞬间解腻，这一天的小确幸，全被美食和动画承包啦～
※
※
生活偶尔会有乱糟糟的时候，但只要有这些可爱的瞬间，就又能充满能量💪 希望看到这条的你，也能被这些小美好治愈呀～
※
※
保持热爱，奔赴山海🌊 我们明天继续捕捉快乐！
※
※
🙋🏻‍♀️ 想问问大家！
在线征集：你们下饭必看啥综艺/动画呀～
	
#一起双向奔赴呀 #生活碎片记 #日常碎片PLOG #尝试做自媒体博主 #新人博主 #有莱必有茴 #素人做博主的长成日记 #养成系博主 #勇闯互联网",1小时前 江苏,42,18,72
朱易,夏日多巴胺 🩷,"阳光热烈，快乐很甜🍬
把夏天和快乐，都装进白色的云朵里，和我一起收集属于这个夏天的色彩斑斓吧～
#朱易 #夏日多巴胺 #我的ootd",2小时前 北京,950,42,81
塔斯汀超多沙拉酱大汉堡,我爱周杰伦,#演唱会穿搭 #演唱会攻略 #应援棒 #周杰伦 #周杰伦演唱会门票 #周杰伦演唱会厦门站 #周杰伦演唱会,编辑于 5天前 福建,5,收藏,6
糯米团滚滚,,,2小时前 四川,1,收藏,评论
元气小鸡血,朋友30岁大寿 大家都成熟点：,#快乐与年龄无关 #一岁有一岁的味道 #三十而立的年纪 #生日 #愿岁岁常欢愉万事皆胜意 #搞笑 #生日派对,编辑于 1小时前 广东,2515,62,211
小红薯686AD33B,,"南宁一职的老师说现在b都收不完
#南宁一职 #中考等级B",3天前 广西,398,120,290
高小小,,#下饭神剧 #小红书兴趣季 #小红盒,5天前 山西,点赞,1,评论
开心顺意,,#小红书兴趣季 #小红盒 #日落后出发,14小时前 广东,4,2,评论
M_32+,Plog｜生活太短暂 尽情的活吧,"🍿Day35/365
早晨吃饭饭咯
	
🥘🥗🍅🦐
	
👩🏼：我是M
世界很大，能连接上的“知己者”不多
若我们刚好同个频率
欢迎你连接上 🛜我的wifi
	
#生活日记 #素人做博主 #新人博主plog #尝试做自媒体博主 #素人做博主的长成日记 #日常plog #plog #笔记灵感 #ins四拼",4小时前 广西,1,收藏,1
康有美美,她懂我的野心 我支持她的梦想,"势均力敌才是顶配！
安全感自己给😊
也不是谁养谁!
是我们一起养生活😎
#情侣 #情侣穿搭 #氛围感 #澳门",编辑于 4天前 广东,353,58,16
蛋蛋,,#下饭神剧 #小红书兴趣季 #小红盒,5天前 广东,8,7,评论
葬花吟.🍃,🔮祝烟萝对主控的看法与感情？,"主控的出现对于烟萝来说是脱离低潮期的关键，她认为主控为她带来了一段很不错的全新的人际关系，她因此很感激。但烟萝在观察去控成长时一直都会打心底替她担忧（""她可以自己肩负这么多责任吗？""）她也担心主控可能会缺少成熟而导致有坏消息，但在她看见了主控的能力后也从心底感到高兴，也会因为混乱而复杂的江湖市井间的争在心中悄悄为主控打抱不平（我不行了她好可爱OvO）而且是碎碎念的那种……对于主控的感情应该是以她为榜样的，在友谊之上但又不是恋人的感觉（很美好的感情！)
#师途 #祝烟萝",3天前 江苏,207,6,6
摄影师 kkyang,90年代跑成渝线的纯正美式大巴 MCI MC-9,"图1-17都是我在2003年和2007年拍到过2次这几台已经报废的美式大巴，2003年的时候摆放在红旗河沟的保养厂某个角落，处于荒废的状态。
2007年的时候，这几台车被移动了位置，依旧在红旗河沟站场内某条小巷，安装了空调等加电，看上去被作为临时工的居住地使用，后来就再也没见过这几台美式车了，第一次见到这几台车的时候还是相当震撼的，以前只在电视上见过这样原汁原味的美式设计的大巴，铝皮车身、大铆钉，那种洲际穿行的“灰狗巴士”形象深入人心。
最近闲来无事，用chatgpt搜索了一下车身上的信息，发现了一些有趣的地方：这几台车都是原产地为美国的Motor Coach Industries（MCI），车型为MCI MC-9 “Crusader II，
制造时间1978–1990（美国/加拿大产），最著名的运营商则是美国Greyhound、Trailways，约 1988–1992 年期间，在1990 年代初进口二手车的高峰期以二手巴士身份，经港口或中外合资引入，车身上有重庆-成都的线路标配，意味着曾经执行重庆-成都的长途客运线路。
1995年成渝高速路通车，成渝当地的运输企业开始引入凯斯鲍尔、沃尔沃、尼奥普兰等全新进口车参与了高速路的客运运营，这批MCI车型由于不符合车速、排放、安全等规定，以及巨高无比的油耗，开始慢慢淡出舞台，被当时的凯斯鲍尔等全新进口车型替代，一直闲置在红旗河沟保养厂，直到2007年以后，彻底消失。
通过侧面的涂装——DISCOVERY USA，美国包车公司品牌涂装，确认来源的原运营商为：Discovery USA品牌，所属公司为Dorr Distribution Systems Inc.，车身上的联邦编号（MC）MC‑191540，注册地点在加州 Castroville，美国境内跨州包车、观光旅游服务，非长途干线巴士。车身上的中方运营公司也无法在网络上搜到相关信息，所以也无法找寻更多关于这几台车的信息。
非常遗憾的是，这些可以作为历史活化石的工业遗迹并没有没保留下来，进入博物馆，除了这几台MCI巴士意外，在90年代初期，还有相当多的其他进口巴士，比如香港的双层车、ikarus的巴士、日野的巴士等经典车型，都曾经在重庆短暂运营过。
﻿#MCI巴士﻿ ﻿#经典老车",编辑于 2天前 上海,667,218,155
张张的生活日记吖,海的味道,#想去海边吹吹风 #等一个自然而然的晴天 #海不见我我自见海 #两天是最好的滤镜,5小时前 山东,3,收藏,评论
🍪,Pl🍃g | 适合夏天的绿系文案🌳,"逃离城市计划！
来到了超级森系的太原植物园喔！
吸氧圣地啊啊啊啊🌲🌲🌲
	
分享绿色系文案：
1. 🌴ᯓ绿树成荫ᶜººˡ
2. 近期碎片🧩ツ
3. 🟢 过 夏 天✔
4. “收集快乐”🤸🏻‍♀
5. 🏄🏻‍♂️•《八月印记》
6. 快樂续航🔋⁺¹ºº
7. “收集快乐”🧤
8. 🌲🧤༨绿野仙踪
9. 自讨𝖦𝗎𝖼𝖼𝗂🥬🥒ˎˊ˗
10. 🧩𖣃杂图速览𓂃⋆｡
11. 〰︎ 夏日播报!!!🥒
12. 🍏•ᴥ•🍏
13. 夏意来袭ıllıııllıl 🖼️
14. 🩴绿色的海𓇼 𓂂𓈒𓏸
15. 🏃🏻‍♀️ 🔋满电模式〰
16. 🐸⁾⁾绿色𝙶𝚘𝚘𝚍 𝚖𝚘𝚘𝚍
17. 低热量日常🥬🥒🫑
18. ꔛ 🧃✧˖* 🏝️ °☆ 🥝
19. 🧃攒了很久的⎡绿⎦
20.  𓏲🎾 生活本意是开心
21. 水果拼盘(🍏🥝🍐🥒)
22. 人生建议：禁止焦绿🔫
23. 🧃⁾⁾ 今天是周末 !!🌈💨
24. 🍀：霉运清理进度✅ ✃
25.  ᐕ)⁾⁾  向往的生活‘👒 ﾟ⋆𓂋
26. '◡'照片里的好天气☁️🌳🧊
	
#朋友圈 #朋友圈分享 #朋友圈排版 #和大自然亲密接觖 #永远热爱大自然 #少和人纠缠多亲近大自然 #多看大自然 #逃离城市  #太原植物园 #太原植物园打卡",编辑于 5天前 河北,36,7,2
傲字当头,康康我的小红书新头像 🗣,#晒晒我的小红书头像,2小时前 云南,点赞,收藏,评论
Yok chan Leong,康康我的小红书新头像 🗣,#晒晒我的小红书头像,5小时前 马来西亚,4,收藏,2
知足常乐,康康我的小红书新头像 🗣,#晒晒我的小红书头像,2小时前 甘肃,1,收藏,评论
北北不是贝贝,是谁刚刚买了我退掉的梦中的蝴蝶结！,"我是想退掉自己买啊啊啊！！！
想着省点钱，好了，现在省大钱了，我恨！",2天前 湖南,300,18,156
6271,晋祠的猫猫们,"晋祠好多小猫，很乖不怕人，还有个别特别亲人会过来蹭蹭你，另外晋祠拍照太出片啦！
小猫虽乖但大家最好不要上手哈，不然被挠了上哪说理去#晋祠 #小猫 #晋祠博物院 #地上古建看山西",06-23 广西,2,收藏,17
小缺快飞！（逆水寒版）,我已经开始打u盘得主意了,想问问柴鸡蛋的u盘大概会卖多少钱，限不限量 渠道好买吗#顺恨#柴鸡蛋,07-09 四川,831,183,862
百万唐尼,国产比亚迪品控,开这么多车  刹车合头生锈  比亚迪造车配件是哪家供应商便宜用哪一家  品控上还是合资车好 大家认同吗  还有就是这个刹车  作为比亚迪产品线比较好的产品  这个刹车调教的叫一个垃圾  行程非常短  轻点一下没有刹车  再用一点力 刹车瞬间就来了 平时开车经常一下刹停  开这么多年车踩不好比亚迪的刹车,2天前 辽宁,27,9,261
小菜baby,意外坐上了杰伦地铁专列！,#周杰伦 #周杰伦嘉年华厦门站 #厦门周同学地铁专列,06-30 福建,37,7,14
Shannon,,2025.7.17 闷青色,2天前 山东,1,收藏,4
江少（混的人）,,,7天前 湖北,53,1,86
橙子,又是上班的一天~,#上下班地铁上日常 #我的日常奔波#打工人 #随手拍 #想记录下此刻 #这个模板有点东西,06-29 北京,18,1,10
心已归鹿🦌,,#小红书兴趣季 #夏日穿搭 #小红盒,6天前 河南,4,收藏,评论
前唐游子,天猫淘宝店铺粉丝怎么涨?,"天猫淘宝店铺粉丝怎么涨？
淘宝店铺粉丝能为店铺带来多方面的好处，主
提高店铺权重
• 粉丝量是淘宝评估店铺综合实力的一个因素。粉丝多的店铺通常被认为更受消费者关注和认可，在搜索排序中可能会获得一定的加权，从而使店铺和商品更容易被消费者看到，提高曝光率。
增加流量和销量
• 粉丝是店铺的直接受众，他们对店铺有一定的信任和兴趣。当店铺上新或有促销活动时，粉丝会收到消息提醒，更有可能进店浏览和购买商品，为店铺带来稳定的流量和销量。
便于精准营销
• 商家可以通过分析粉丝的地域、年龄、消费习惯等数据，进行精准的营销推广。根据粉丝的需求和偏好，推荐合适的商品，提高营销效果和转化率。
助力口碑传播
• 忠实粉丝如果对店铺商品和服务满意，会自发地向身边的人推荐，通过口碑传播为店铺吸引新的顾客，这种基于信任的推荐往往更具说服力，能有效扩大店铺的影响力和顾客群体。
提升店铺活力
• 粉丝可以在店铺页面进行评论、点赞、分享等互动，这些行为能增加店铺的活跃度，让店铺看起来更有生机，吸引更多潜在顾客的关注。同时，粉丝的反馈也能帮助商家了解顾客需求，改进产品和服务。#店铺运营 #电商 #网店 #淘宝 #淘宝商家",4小时前 浙江,2,收藏,评论
Winnieddooo,✨ 背单词｜生词本越来越薄了,"🌟 2025年07月14日｜每日打卡记录 🌟
✔️ 学习新词：30个☀️
✔️ 复习单词：97个💪
✔️ 总共耗时：37分钟 ⏰
	
💬 “A true friend is someone who thinks that you are a good egg even though he knows that you are slightly cracked. ”
	
每天努力一点点，未来一定会更好！🌈
	
#背单词#自律#欧路词典#英语单词#英语学习#学习打卡#欧路词典打卡",5天前 天津,2,收藏,评论
骏骏不会飞,存一些户外生命力搞怪拍照姿势,"下次和朋友出来就这么拍，搞怪又出片！
#户外 #户外是我的精神保护区 #100天运动打卡挑战 #徒步圈 #出去玩没必要太正常 #富有生命力气息照片 #拍照动作不重样 #运动万粉助力计划 @户外薯",编辑于 07-06 广西,32,6,1
手机已还,想你了6,#栩你渝生#基于事实的捡手机,07-11 湖北,221,12,21
臭屁萌,你们怎么知道我又要去看李宗盛了,要回国了巴不得每个场次都去啊啊啊我爱李宗盛一辈子#李宗盛 #李宗盛演唱会 #总要去看一场演唱会吧 #李宗盛泉州,07-04 澳大利亚,9,收藏,17
盖盖~,,#海的味道是自由的,编辑于 2小时前 江苏,点赞,收藏,1
甜甜国王,旺仔小乔要开演唱会？？真的会有人去吗,国内首次不露脸演唱会？不懂就问，除了我是故人不是故事里的人，他还有别的原创吗#旺仔小乔 #音乐现场,昨天 13:08 河北,1040,104,697
小红薯乖乖,,#田栩宁,2小时前 海南,21,收藏,评论
展轩,六月的雨,#展轩 #演员展轩,06-30 北京,7.8万,2125,7824
Rosy.露思,,露思永远最美,07-09 山东,1,收藏,评论
痞斯小地瓜,非得出门吗？！,"天太热不想出门下大雨不想出门
别出门了要不。。打开电视就是拍，咱们就是心在哪，哪里就是巴厘岛🏖️🏖️🏝️🏝️
轻轻松松拿下属于你的电子晚霞
#电视机拍照 #海岛 #任何时间任何地点",编辑于 4天前 福建,8,3,4
小红薯686DB0B7,最烦那种背个破单词还晒出来的人😓,"对不起，我就是！在万词王打完卡当然要炫耀下啊😉
#万词王   #每天背单词   #学习日常   #学习打卡   #学英语",2天前 广西,1,收藏,评论
seraphina,,"🐎的 我看你们预算少 我就🧱20块钱 还有同担的 我就🧱20块钱 都不来找我 😭😭
再不来我就不这么良心了#演唱会门票 #签名照",3天前 四川,点赞,收藏,评论
王耀毅🔥,宝马的颜色可以说是非常之离谱了……,我下定的时候选的是黑色呀，提完车一看这也不是黑色呀！！！打开绿本一看没错是黑色呀宝马的颜色真的是蛮离谱的,6天前 北京,272,53,322
星际和平公司 斯科特,伟大公司员工斯科特入驻小红书,黑！～让我抓到了你的软肋！让我看看你狼狈的样子，我一定会把他当成传家宝给子子辈辈传颂的！,4天前 上海,2.8万,1930,2480
阿靖zi,🏡这么美的房子 我先替你们住一下,"每天在这里睡醒会有什么烦恼吗@阵雨🌙
	
#我梦想中的家 #治愈系小家 #田园生活",昨天 17:35 内蒙古,2048,166,111
小红薯664676F2,康康我的小红书新头像 🗣,#晒晒我的小红书头像,1小时前 北京,点赞,收藏,评论
乐乐,,旧手机卡到想换新，12期免息能少花现金流。在jd金融看到白条18有12期免息，已蹲住。求避雷品牌清单。#京东大牌帮你还白条,1小时前 河南,点赞,收藏,评论
琪琪,没钱就别生孩子该怎么反驳?,"朋友跟我说，以后如果没钱就不要生孩子！
这是什么道理，没钱不能生吗？
朋友们，我该怎么反驳一下？
#生娃 #有存款才有底气 #存款 #当下年轻人现状",2天前 湖北,119,24,3198
蓝枝枝,珊瑚迷宫里的奇遇与回声,"清晨潮退，珊瑚迷宫在脚下显形，
我弯腰拾起一只纹路细致的小螺，
那一刻，明白了——
好奇，能撬开麻木的情感。
	
赤脚踏进浅池，海水在指缝轻拂，
太阳把细沙烘成金粉，
捡起一枚贝壳，它的裂痕里藏着风浪的故事；
生活的每一次退潮，都在为下一次满盈预留空间。
	
小院里，灰盆盛着檀香粉与糯米胶，
指尖揉合粉与胶，竹签在掌心旋转，
每一圈都压进呼吸的节奏，
平静，不在外界，而是双手细细梳理纷乱后的安顿
	
夜色深沉，我继续拿起那支手作线香，
一缕香烟升起，木香直达心底，
它无声，却能化浮躁为宁静，
在潮声与星光之外，留下一隅安放思绪的屋檐。
偶然的湿透与惊奇，才是日常珍贵的调味；
用手作，将漂泊感转化为可触的温度；
一支线香，让片刻沉默也能成就仪式；
不是走多远，而是能在生活的角落，
给自己一个停下来呼吸的理由；
空白不是空虚，而是为下一段路，
预留丰盛的期待。
	
#南澳岛 #流香之河 #心灵仪式感 #生活感悟 #小众体验",2天前 广东,63,11,4
永远是姐姐的歌迷朋友,李宇春，你的兵来了！！！,#李宇春,编辑于 5天前 湖南,51,1,2
国央企上岸小梨,央国企红黑榜,看看你的企业上榜没#国企央企 #拓宽就业选择 #国企 #就业前景 #国企秋招 #校招 #国企招聘 #网申 #就业 #大学生就业,1天前 湖北,67,35,58
有什么好吃的,音乐一响，反捞白讲，旧情复燃，她不一样,昨天直播，她把礼物功能都关了，说着说着眼眶就红了，还一直安慰大家，真的是一个好女孩，她真的不一样#刘梦茹#陈欣欣 #情感反诈模拟器 #徐越 #吴宇伦 #为什么每次玩这个游戏你都会哭,07-11 山东,381,67,82
Aurora,不是？你还在硬背单词？,"学习方法选对，事半功倍。
我当然选择情景记忆之王【万词王】啊！
#万词王   #单词记忆法   #背单词技巧   #学霸养成   #备考方法   #英语学习",4天前 山东,2,收藏,评论
雪豆西高地犬舍,低价西高地捡漏陷阱！一定要看到最后,#西高地犬舍﻿ ﻿#西高地﻿ ﻿#西高地白梗﻿ ﻿#西高地软毛﻿ ﻿#西高地软爆毛﻿ ﻿#小型犬﻿ ﻿#小型犬推荐﻿ ﻿#买狗﻿ ﻿#犬舍,07-02 江苏,16,3,6
momo,安逸花退费话题下主动让你私聊的，都是中介,安逸花退费话题下那些主动让你私聊的，全是中介！他们拉群后就开始收费骗钱！千万别贪小便宜吃大亏！#安逸花 #安逸花退费 #警惕退费骗局,2天前 广东,1,9,23
欣然,,#小红书兴趣季 #夏日穿搭 #小红盒,2天前 江苏,1,1,评论
健身 ～刘教练,早五的天空,真的好美#漂亮的天空 #抬头就能看见的美景 #分享的天空 #镜头下的天空,2天前 山东,点赞,收藏,评论
李之丹,人总会反复爱上黑长直的自己,"谁能想到这是去年的存货
@酒井小乔 给我拍的
突然翻出来觉得很美好
出了地铁口看到的美丽晚霞
想记录一下
虽然拍出来并看不到晚霞哈
#来拍照了 #我的日常
#故事感 #复古拍照 #随手拍 #黑长直",07-01 北京,625,41,42
寻找格陵兰🌴,南意旅行日记🍋每天都是柠檬与海风🌊,"索伦托是我们在阿尔玛菲自驾行程的第一站～
但可惜去的时候天气不是很好～
玩下来感觉是可以跳过的一个地方
但是很多人会选择住在这个城市
因为交通比较方便～ 所以就简单分享一下我们半天去的行程叭～
.
1️⃣ 悬崖公路观景台
我们是自驾去的索伦托～
在快要进城前的盘山公路上，有好几个还不错的的观景台！ 整个索伦托小镇远远的嵌在悬崖上，还能看到远处的维苏威火山～
.
2️⃣ 市政公园观景台 Villa Comunale  算是索伦托的明信片机位！
那不勒斯湾尽收眼底 但就是人很多～
.
3️⃣ 古城 & 渔人码头 Marina Grande 🍋 索伦托的灵魂在这些蜿蜒的小巷里 到处都是柠檬元素的制品
我买了一个柠檬冰激淋～ 傍晚时分，可以溜达去Marina Grande渔人码头 彩色的小房子和渔船
背景是悬崖和落日 很推荐这家✨Bagni Delfino（最好提前定位可以在床边看日落～绝美）
也是我们在阿尔玛菲吃到的最好吃的一家！！
#意大利旅行 #南意旅行 #索伦托 #我拍到的治愈画面 #阿马尔菲海岸 #小众旅行地 #红薯旅行家",07-10 美国,1576,386,112
拼命追光者,Plog第三天|生活里治愈的小美好🌸,"生活里的小美好，就是我的幸福秘籍✨
清晨被窗外的阳光唤醒，伸个懒腰开启元气一天；
午后窝在沙发，吃着零食追着喜欢的剧；
傍晚和家人围坐，吃着热乎饭菜聊聊家常。
这些看似平凡的瞬间，却是我紧紧抓住的幸福。
幸福的日子都是在闪闪发光呀🥰
	
#幸福主义 #生活小美好 #拥抱幸福",1小时前 四川,点赞,收藏,评论
静眠雪山q,安福路也太好拍了啦！,"和闺蜜来安福路citywalk
偶遇赫莲娜小露珠的泡满人生旅馆～
俩爱凑热闹的人一进去就被吸引住了
先在前台checkin，
得一张房卡往里走是游戏互动区，
很多小游戏🉑集章，
最后可以抽惊喜礼品
好多打卡点都可以美美出片🥳
四宫格拍拍乐屋还有一张大床
完美贴合“旅馆”概念哈哈哈
#周未去哪儿#安福路打卡#赫莲娜小露珠#补出饱满#citywalk",编辑于 昨天 22:00 浙江,125,25,2
旷野的也,30+体制内♡挑战做自媒体100 ♡DAY1,"👏Hi嗨呀大家!我是旷野的也～阿也💖
☀白天是体制内打工人
🌛晚上是准自媒体博主
———————————♡———————————
是老师也在学习
是妈妈也在成长
———————————♡———————————
💖坦白局
95后体制内教师，本科毕业就上岸了，然后顺利地结婚生子。或是随着年纪的增长，我瞬间开悟了🙈女性的一生都是修行，所有女性都该独自美丽！前两年我考了研究生，也幸运地顺利上岸了～目前还在学习中～
💋长期以来，我一直想挑战做自媒体👀分享自己的成长以及感悟，或许可以帮助到别人。也明白自媒体这个赛道有太多优秀的人，可能不一定有结果
	
但素！最近看了本书，大概内容是 解决焦虑最好办法就是 当下就去面对焦虑！
确实如此，想了很久的事情现在去做了之后 我感觉轻松了很多🫶🏻
	
👏我爱学习，注重成长，善于感悟
做自媒体也是我的一项挑战，我会专注于每一个文字，不辜负姐妹 不辜负自己～
姐妹们如果和我一样想挑战，干就是了！
	
🌹现在的我比任何时刻都期待：无限美好的自己。共勉🤞
💪我们做的每件事都可以获得一些东西，要么利益要么成长
脚下的每一步👣 都算数～
	
#自媒体人 #养成系博主 #体制内打工人 #素人做博主的长成日记 #我的日常plog #尝试做自媒体博主 #重启自己的人生 #日常碎片PLOG #发现我的力量 #勇闯自媒体",1天前 江西,4,收藏,1
love1cq,🌿💖🦢,"煤老板的审美就是这么朴实无华
	
#算了你肯定觉得 #高能量 #太原植物园",编辑于 07-02 河北,45,7,3
M_32+,Plog｜生活太短暂 尽情的活吧,"🍿Day33/365
Don’t judge a food by it’s Appearance
	
🍽️
探新菜单｜
好处：好吃就多一个收藏地💕
坏处：难吃🉐纠结是 要硬啃还是浪费
	
不知道 网友们 遇见食物踩坑
会🈶什么样的反应呢？🤔
	
👩🏼：我是M
世界很大，能连接上的“知己者”不多
若我们刚好同个频率
欢迎你连接上 🛜我的wifi
	
#生活日记 #素人做博主 #新人博主plog #尝试做自媒体博主 #素人做博主的长成日记 #日常plog #plog #笔记灵感 #ins四拼",5小时前 广西,2,收藏,2
小软Kiki,康康我的小红书新头像 🗣,#晒晒我的小红书头像,2小时前 江苏,1,收藏,评论
